"pk_value";"tender_id";"region_id"
"28693609";"3948516";"4945"
"28693301";"3997439";"5257"
"28693300";"3997441";"5257"
"28689764";"4526642";"4718"
"28688730";"4638123";"2841"
"28688731";"4638124";"5035"
"28688074";"4685713";"2831"
"28688068";"4685720";"2831"
"28687598";"4727694";"2831"
"28686411";"4858872";"2841"
"28686082";"4872501";"5062"
"27662436";"4878778";"2831"
"27661771";"4916217";"2831"
"27661457";"4921411";"5035"
"27661462";"4921414";"5035"
"27661178";"4940312";"2841"
"27660959";"4956682";"5059"
"27659906";"4996254";"2851"
"27658891";"5037544";"2841"
"27657871";"5057584";"2841"
"27655332";"5168332";"2851"
"27654027";"5199508";"4724"
"27653727";"5206307";"2841"
"27653547";"5213355";"2831"
"27653401";"5216599";"2831"
"27653300";"5217987";"2831"
"27653273";"5218021";"2831"
"27652892";"5226234";"3648"
"27652647";"5242197";"2841"
"27652646";"5242198";"2841"
"27652395";"5253633";"4682"
"27651397";"5323370";"2831"
"27651265";"5326961";"2831"
"27651228";"5327722";"3641"
"27651227";"5327722";"4370"
"27651222";"5328407";"3641"
"27651221";"5328407";"4370"
"27651037";"5336945";"3641"
"27651036";"5336945";"4370"
"27650797";"5349807";"4682"
"27650577";"5360092";"2831"
"27650489";"5366620";"2831"
"27646341";"5485340";"2831"
"27644883";"5489527";"2831"
"27644320";"5493254";"4721"
"27641392";"5512964";"4721"
"27637613";"5559937";"3641"
"27637612";"5559937";"4370"
"27626901";"5584333";"5060"
"27626118";"5591164";"2831"
"27625610";"5598513";"3641"
"27625609";"5598513";"4370"
"27624728";"5613960";"2841"
"27623726";"5634914";"2841"
"27623663";"5636452";"2841"
"27622436";"5655605";"3370"
"27622421";"5655608";"3370"
"27621202";"5672916";"2841"
"27617669";"5731059";"2841"
"27615953";"5759458";"5066"
"27611925";"5819741";"2841"
"27611772";"5820652";"4671"
"27611763";"5820695";"4706"
"27606393";"5907471";"5050"
"27605849";"5911824";"2841"
"27604088";"5932358";"5035"
"27601966";"5958380";"3790"
"27589612";"6023625";"2841"
"27589449";"6028472";"5035"
"27588977";"6048434";"2831"
"27588915";"6050948";"4307"
"27588867";"6052250";"5038"
"27587782";"6108588";"5284"
"27586666";"6155314";"2837"
"27585864";"6190469";"3138"
"27585863";"6190469";"3740"
"27585865";"6190469";"5060"
"27585624";"6200650";"2831"
"27585405";"6210029";"3370"
"27585404";"6210030";"3370"
"27584447";"6244583";"2841"
"27584254";"6270956";"2851"
"27583555";"6285344";"2851"
"27583389";"6290171";"2851"
"27583318";"6290879";"2851"
"27580552";"6356127";"4945"
"27580489";"6356508";"2841"
"27579640";"6368095";"5062"
"27578411";"6385536";"2841"
"27578228";"6390006";"2841"
"27577284";"6401075";"5847"
"27575930";"6408680";"2841"
"27574056";"6417938";"2831"
"27572909";"6440158";"2831"
"27572747";"6443379";"2831"
"27572138";"6452835";"2831"
"27570285";"6477180";"4673"
"27570268";"6477206";"5035"
"27570083";"6479698";"5480"
"27569320";"6492848";"2841"
"27568902";"6499827";"2841"
"27568689";"6501760";"5257"
"27568440";"6503756";"2837"
"27567913";"6513622";"4945"
"27566809";"6541485";"4706"
"27566563";"6544360";"2831"
"27566518";"6544853";"2841"
"27564220";"6597750";"2841"
"27563758";"6601980";"4671"
"27563211";"6620811";"4715"
"27562597";"6627037";"5035"
"27561633";"6647635";"2841"
"27561391";"6650342";"5067"
"27561254";"6651765";"5035"
"27559804";"6676111";"4671"
"27559511";"6682480";"2851"
"27559508";"6682483";"2851"
"27559507";"6682484";"2851"
"27559502";"6682514";"2851"
"27559497";"6682517";"2851"
"27558040";"6702928";"4682"
"27556253";"6736083";"2831"
"27555835";"6745634";"2841"
"27554291";"6772658";"2841"
"27553786";"6783762";"2831"
"27553334";"6789489";"5035"
"27553320";"6789521";"5035"
"27553244";"6790737";"5062"
"27552664";"6802093";"2831"
"27552653";"6802140";"5035"
"27551269";"6846316";"2841"
"27549554";"6885543";"5035"
"27549510";"6885613";"2841"
"27549273";"6886804";"2841"
"27546740";"6917573";"5060"
"27545107";"6931289";"2841"
"27544745";"6932498";"2851"
"27543833";"6955653";"2841"
"27543190";"6967534";"2851"
"27542509";"6976041";"2841"
"27542149";"6993336";"5035"
"27542146";"6993342";"5035"
"27541785";"6996395";"2841"
"28660795";"7064079";"2841"
"28660048";"7087514";"4951"
"28659011";"7111221";"2831"
"28658997";"7111863";"4095"
"28658646";"7116265";"2841"
"28658320";"7130006";"4716"
"28658305";"7130080";"2831"
"28658044";"7132751";"2851"
"28656818";"7154670";"2841"
"28656797";"7156415";"4716"
"28656572";"7166150";"5035"
"28656086";"7177885";"5035"
"28655387";"7198240";"2851"
"28655229";"7200311";"2851"
"28026632";"7227038";"3641"
"28026631";"7227038";"4370"
"28025682";"7233307";"2831"
"28025468";"7235346";"5035"
"28017251";"7325809";"2841"
"28017220";"7325921";"2831"
"28016242";"7339254";"3671"
"28012562";"7372095";"5035"
"28012034";"7388750";"4721"
"28011686";"7391886";"2831"
"28011346";"7397215";"5035"
"28011096";"7404692";"2841"
"28010161";"7418018";"5035"
"28009182";"7437016";"5035"
"28008843";"7439307";"2841"
"28008313";"7455207";"5060"
"28007933";"7459650";"2831"
"28007162";"7478427";"2831"
"28006804";"7481374";"4720"
"27992612";"7509513";"5062"
"27988438";"7516731";"2841"
"27988345";"7516947";"2841"
"27975497";"7537118";"2831"
"27964820";"7558112";"5035"
"27962378";"7561981";"2831"
"27959564";"7568847";"5035"
"27958138";"7583980";"5299"
"27958093";"7584115";"2831"
"27957268";"7606650";"2831"
"27957048";"7607404";"5035"
"27956494";"7621329";"4706"
"27956333";"7626318";"2841"
"27956060";"7629244";"2831"
"27955536";"7639181";"2841"
"27953311";"7674328";"4107"
"27953296";"7674367";"2831"
"27951477";"7693935";"4706"
"27951266";"7695710";"5035"
"27949631";"7719617";"2841"
"27949284";"7724847";"2841"
"27947939";"7739706";"2851"
"27947906";"7739776";"2851"
"27947497";"7743106";"2851"
"27947496";"7743117";"2851"
"27947483";"7743135";"2851"
"27947461";"7743248";"2851"
"27947388";"7743946";"5035"
"27947299";"7744149";"4726"
"27946189";"7754866";"5060"
"27944557";"7767209";"2785"
"27941733";"7787954";"4719"
"27928954";"7810312";"2851"
"27919696";"7842344";"4703"
"27916170";"7859406";"2851"
"27910722";"7911430";"2841"
"27910094";"7916595";"4945"
"27894726";"7963088";"2831"
"27891914";"7983420";"5035"
"27891115";"7991615";"3641"
"27891114";"7991615";"4370"
"27886880";"8018167";"2841"
"27884824";"8038599";"3775"
"27881112";"8052033";"5035"
"27878566";"8072565";"5035"
"27875610";"8092713";"5035"
"27875497";"8093421";"5035"
"27873050";"8112876";"2851"
"27870085";"8134912";"2831"
"27866646";"8159511";"2841"
"27866448";"8160399";"2778"
"27852496";"8290717";"5042"
"27848938";"8350122";"4094"
"27848101";"8362773";"2831"
"27846408";"8393181";"2831"
"27844271";"8433075";"2804"
"27843008";"8457700";"2839"
"27841623";"8481436";"5035"
"27840075";"8506994";"2841"
"27839992";"8507837";"2826"
"27839321";"8520767";"2831"
"27835312";"8547609";"4603"
"27834840";"8552582";"2841"
"27832109";"8581798";"2859"
"27829459";"8621629";"5433"
"27828364";"8642904";"2841"
"27825604";"8691162";"5061"
"27824159";"8721446";"2851"
"27824157";"8721453";"2851"
"27824155";"8721461";"2851"
"27820475";"8777652";"5433"
"27817969";"8813678";"2841"
"27817688";"8819751";"5035"
"27813058";"8891588";"2841"
"27812421";"8901131";"5035"
"27802791";"8990416";"5433"
"27802370";"8996601";"2851"
"27796017";"9053353";"2841"
"27795909";"9054538";"2851"
"27795907";"9054541";"2851"
"27795696";"9056212";"2851"
"27795635";"9056549";"2851"
"27795637";"9056551";"2851"
"27795223";"9060647";"3146"
"27792216";"9108562";"3130"
"27792140";"9109852";"3137"
"27792079";"9110624";"5035"
"27790977";"9132772";"2841"
"27785988";"9227812";"2841"
"27785391";"9240681";"3097"
"27782972";"9270977";"2780"
"27782035";"9283525";"2825"
"27780481";"9308937";"2831"
"27776295";"9379145";"3775"
"27775844";"9383784";"3629"
"27774959";"9394204";"4671"
"27771917";"9438480";"3714"
"27771351";"9451716";"2851"
"27770723";"9458580";"5035"
"27769717";"9477714";"3396"
"27768165";"9514121";"2827"
"27767711";"9518674";"2851"
"27767586";"9519355";"3143"
"27767213";"9526455";"2860"
"27765799";"9549895";"2859"
"27765633";"9555234";"2860"
"27765304";"9562604";"3690"
"27764374";"9578084";"5035"
"27760271";"9605740";"5035"
"27684175";"9709279";"4671"
"27683161";"9722712";"2814"
"27678163";"9806089";"4716"
"27676261";"9830023";"2831"
"27675011";"9853568";"2831"
"27673103";"9877495";"2830"
"27672172";"9893813";"3667"
"27670474";"9914332";"4417"
"27670036";"9918486";"2851"
"27669626";"9921686";"5035"
"27669281";"9927798";"4673"
"27668740";"9936744";"2851"
"27668537";"9937992";"2851"
"27668535";"9937997";"2851"
"27665786";"9971019";"4460"
"27665474";"9975919";"3667"
"28654152";"10004454";"2860"
"28654148";"10004457";"2860"
"12492738";"10009375";"2859"
"2501150";"10015564";"3097"
"12492769";"10021066";"2859"
"28652531";"10027656";"2830"
"10117546";"10063464";"2828"
"10117532";"10063717";"2828"
"28515510";"10065373";"2839"
"12492841";"10065521";"2859"
"28511972";"10103346";"4095"
"123890";"10143630";"3629"
"28509071";"10147288";"3640"
"123895";"10151681";"3629"
"28514339";"10175288";"2851"
"28507808";"10177396";"4505"
"28507568";"10180256";"2839"
"28506043";"10194295";"4682"
"28505809";"10204614";"5046"
"28505782";"10209369";"2831"
"123976";"10230651";"3629"
"1683926";"10276356";"2851"
"681506";"10283108";"2860"
"28503336";"10306853";"3690"
"28503186";"10314254";"2831"
"28503102";"10316852";"5035"
"28503059";"10317689";"2831"
"2583688";"10341538";"3104"
"681555";"10392752";"3582"
"28501211";"10416220";"2851"
"28501178";"10417235";"2851"
"28501160";"10417293";"2851"
"28501155";"10417299";"2851"
"28501129";"10417719";"2825"
"28500970";"10432441";"2851"
"28500928";"10434490";"2851"
"28500642";"10447666";"2851"
"28500629";"10447704";"2851"
"28500159";"10474293";"3629"
"12534815";"10509879";"2859"
"28497398";"10525371";"2831"
"28496500";"10534786";"3693"
"681618";"10564638";"5433"
"28493636";"10573325";"3697"
"28493373";"10576673";"3697"
"28492946";"10581183";"2860"
"28490274";"10609405";"2841"
"28483831";"10677170";"3629"
"28479426";"10736481";"5480"
"462808";"10846731";"3683"
"28468974";"10855775";"2831"
"28468753";"10858134";"2841"
"28467125";"10873339";"2831"
"28466980";"10875289";"5043"
"28466958";"10878349";"2831"
"28466762";"10884440";"2831"
"28466158";"10890335";"4680"
"28465519";"10892587";"5043"
"28465276";"10894081";"2831"
"28464191";"10903049";"3688"
"28462705";"10914440";"5346"
"28461264";"10919569";"2831"
"28461102";"10921100";"3270"
"28456542";"10947008";"2830"
"28456517";"10947195";"2830"
"28456076";"10949013";"2830"
"28453953";"10962160";"3655"
"28453568";"10963730";"3690"
"28452600";"10970208";"2841"
"28451161";"10975633";"2831"
"28450902";"10976647";"5035"
"28450350";"10985386";"4460"
"28441896";"11051249";"2830"
"28441135";"11083643";"5421"
"10117095";"11105165";"3919"
"28438008";"11188810";"2829"
"28438000";"11189049";"3629"
"28437249";"11214423";"3707"
"28436725";"11224365";"3629"
"28436415";"11226611";"2831"
"28436345";"11228630";"4460"
"28435529";"11268201";"2831"
"28435372";"11272766";"4716"
"28434380";"11293722";"3894"
"571762";"11301885";"3640"
"28432777";"11316650";"3894"
"28432775";"11316660";"2841"
"28432202";"11322743";"4945"
"28431965";"11330059";"3670"
"28431947";"11333429";"4706"
"28431824";"11339064";"3552"
"28431822";"11339064";"3641"
"28431823";"11339064";"4370"
"28431821";"11339064";"4583"
"28431825";"11339064";"5251"
"28431734";"11342651";"3641"
"28431733";"11342651";"4370"
"28431611";"11345272";"3641"
"28431610";"11345272";"4370"
"28431615";"11345273";"3641"
"28431614";"11345273";"4370"
"28431613";"11345274";"3641"
"28431612";"11345274";"4370"
"28431608";"11345275";"3641"
"28431607";"11345275";"4370"
"28431331";"11350484";"2831"
"28431327";"11350539";"2831"
"28430907";"11369574";"4784"
"28430906";"11369574";"4855"
"28430898";"11369600";"4962"
"28430897";"11369600";"5337"
"28430895";"11369601";"4784"
"28430894";"11369601";"4855"
"28430381";"11377990";"3708"
"28430379";"11377990";"4784"
"28430380";"11377990";"4855"
"28429531";"11401291";"2830"
"28429522";"11401361";"2831"
"28428888";"11420356";"2841"
"28428885";"11420361";"2841"
"28428875";"11420838";"5035"
"28428060";"11438277";"5042"
"28426861";"11476336";"5035"
"28426800";"11478212";"2830"
"28426668";"11479891";"4703"
"28426658";"11480465";"2831"
"28424693";"11522704";"3629"
"28424086";"11525437";"2852"
"28423985";"11526756";"3693"
"28423680";"11535627";"2831"
"28423258";"11545059";"4114"
"28422308";"11556770";"4603"
"28422307";"11556772";"3337"
"463975";"11571688";"3919"
"28420060";"11600570";"2831"
"28419669";"11605463";"2831"
"28419445";"11613211";"2841"
"28419442";"11613213";"2841"
"28418802";"11620907";"4784"
"28418801";"11620907";"4855"
"28417983";"11628953";"2830"
"28415762";"11655649";"2831"
"28415598";"11659719";"4187"
"28415003";"11667343";"3693"
"28414238";"11676581";"4696"
"28414235";"11676594";"2831"
"28413622";"11679361";"2831"
"28411834";"11701262";"2831"
"28411816";"11701298";"2831"
"28411815";"11701299";"2831"
"28411812";"11701314";"2831"
"28410446";"11725449";"5051"
"28410242";"11726892";"2831"
"28410209";"11727409";"2831"
"28410038";"11734915";"3640"
"28410037";"11734915";"3669"
"28409201";"11746041";"3629"
"28409071";"11747403";"2831"
"28408729";"11752126";"3625"
"28408728";"11752126";"4720"
"28408699";"11752347";"3625"
"28408682";"11752535";"2831"
"28407745";"11770022";"2830"
"28407295";"11775032";"2831"
"28407274";"11775209";"3625"
"28407273";"11775209";"4720"
"28407097";"11777446";"2833"
"28407015";"11780958";"2831"
"28406282";"11792542";"2831"
"28406263";"11793133";"5042"
"28405599";"11799067";"2831"
"28405595";"11799069";"2831"
"28405386";"11804236";"3877"
"28404551";"11810798";"3640"
"2915402";"11811783";"4655"
"28404142";"11814177";"3629"
"28403472";"11819462";"4699"
"28403448";"11819529";"2831"
"28403378";"11820293";"2837"
"28403331";"11820563";"2831"
"28402298";"11841836";"2831"
"28400716";"11862843";"4715"
"28400711";"11862892";"2831"
"28400703";"11862906";"2841"
"28400571";"11864479";"2831"
"28398586";"11883640";"4693"
"28397248";"11901079";"2829"
"28396847";"11904014";"4716"
"28396826";"11904061";"4683"
"28396825";"11904061";"4699"
"28396762";"11904356";"4735"
"28396547";"11907051";"2831"
"28396541";"11907063";"2831"
"28395401";"11916170";"2829"
"28394966";"11924443";"2829"
"1085572";"11927279";"3687"
"28394470";"11927568";"2831"
"102035";"11931211";"3640"
"28392656";"11944354";"2831"
"28392498";"11946134";"4945"
"28392229";"11956589";"2841"
"28391490";"11969525";"2831"
"28391481";"11969593";"2831"
"28391477";"11969596";"2831"
"28391473";"11969615";"2831"
"28390443";"11989197";"4706"
"28390214";"11991783";"4671"
"28390027";"11993078";"2831"
"28390026";"11993080";"2831"
"28389712";"12001631";"2831"
"28389308";"12012628";"2831"
"16740743";"12020170";"3707"
"28388891";"12020597";"2831"
"28388660";"12022436";"3686"
"28388661";"12022436";"4795"
"28388659";"12022438";"4795"
"28388438";"12023318";"5061"
"28388104";"12025880";"2831"
"28387930";"12026502";"2831"
"28387922";"12026526";"2831"
"28387906";"12026576";"2831"
"28386831";"12067804";"2830"
"28386716";"12071705";"4674"
"28386708";"12071722";"2831"
"28386452";"12075158";"3629"
"28386117";"12080251";"2831"
"28385743";"12088010";"4735"
"28384967";"12099434";"3629"
"28384773";"12101444";"5035"
"28384598";"12103241";"2831"
"28384595";"12103243";"2831"
"28384597";"12103244";"2831"
"28384583";"12103299";"2831"
"28383596";"12114637";"3613"
"28383592";"12114661";"5281"
"28383159";"12118198";"2831"
"28382612";"12132527";"2831"
"28382563";"12133585";"2831"
"28382552";"12133721";"2831"
"28382545";"12133722";"2831"
"28382499";"12134796";"2831"
"28382497";"12134799";"2831"
"28381885";"12143274";"2831"
"28380910";"12164384";"2831"
"28380739";"12166197";"2831"
"28380719";"12166366";"2831"
"28380705";"12166445";"2831"
"28380704";"12166447";"2831"
"28380398";"12176462";"2859"
"1629309";"12185587";"4349"
"28379682";"12189912";"3625"
"28379681";"12189914";"2831"
"28379667";"12189954";"2831"
"28379511";"12190988";"2831"
"28370503";"12208481";"2825"
"28369040";"12212106";"4680"
"28368704";"12213103";"2830"
"28367312";"12220071";"5254"
"28365591";"12224826";"3687"
"28365471";"12225152";"2859"
"28361980";"12235421";"2831"
"28360159";"12251400";"4714"
"28358277";"12257755";"4647"
"28358021";"12258818";"2831"
"28376561";"12286266";"5043"
"28372994";"12295754";"4689"
"28372995";"12295754";"4719"
"28372869";"12296114";"2859"
"28324187";"12298917";"4423"
"28324159";"12299000";"2859"
"28323560";"12314406";"3629"
"28323537";"12314514";"5048"
"28323295";"12316494";"3629"
"28322125";"12337540";"2831"
"28321795";"12342129";"5060"
"28321535";"12344618";"5035"
"28321202";"12349419";"2825"
"28321032";"12354969";"2830"
"28320091";"12368506";"2831"
"28319849";"12372123";"3877"
"28318757";"12389682";"2831"
"28318731";"12389927";"2831"
"28318732";"12389928";"2831"
"28318253";"12398193";"3640"
"28317987";"12401279";"5425"
"28317924";"12402372";"2831"
"28316776";"12411008";"2830"
"28316764";"12411560";"2831"
"28315158";"12429123";"5055"
"28314498";"12433432";"2831"
"28314364";"12434048";"2831"
"28314116";"12437350";"2831"
"28313811";"12439319";"2831"
"28313607";"12441912";"2831"
"28313574";"12442022";"2831"
"28311928";"12457431";"2831"
"28307841";"12499495";"5035"
"28305070";"12520624";"4706"
"28303276";"12539065";"2819"
"1572257";"12545201";"2859"
"28301871";"12555689";"3680"
"3919532";"12572198";"3693"
"28298917";"12576100";"5035"
"28297012";"12609192";"3655"
"28296754";"12612127";"3641"
"28296753";"12612127";"4370"
"28294528";"12638534";"2831"
"28294360";"12639973";"4416"
"28291007";"12673856";"4596"
"28290128";"12682723";"5035"
"28287894";"12706090";"2831"
"28285777";"12742081";"2841"
"28283743";"12763199";"5021"
"1915856";"12763201";"3640"
"28283407";"12764403";"4114"
"28282225";"12775300";"4662"
"28282060";"12777361";"2831"
"28279374";"12813374";"2831"
"3500485";"12824058";"3640"
"28277779";"12832806";"2831"
"28277136";"12839366";"5046"
"28276551";"12848489";"2830"
"28276447";"12850307";"4967"
"28275925";"12861274";"3655"
"28275893";"12861959";"4706"
"1734868";"12871021";"5153"
"28273745";"12883607";"4909"
"28272743";"12906779";"2831"
"28270466";"12942900";"5257"
"28270308";"12945047";"4737"
"28270121";"12946145";"2830"
"28270119";"12946151";"2830"
"28269447";"12960749";"2831"
"28268689";"12968763";"3775"
"28268549";"12969853";"3702"
"28268340";"12971250";"2830"
"28268269";"12972082";"4603"
"28268054";"12974633";"2831"
"28267792";"12976239";"2831"
"28267720";"12976515";"2831"
"28267617";"12977578";"2831"
"28267615";"12977580";"2831"
"28265484";"13017258";"4682"
"28263886";"13023684";"2829"
"28260427";"13031364";"4706"
"28259609";"13033427";"2831"
"28259467";"13033876";"2831"
"28258801";"13034868";"2830"
"28252728";"13049756";"2830"
"28251972";"13050732";"4706"
"28244988";"13067489";"4671"
"28241541";"13076176";"2833"
"28236051";"13091655";"4720"
"28236044";"13091660";"4673"
"28233319";"13102576";"3655"
"28232113";"13106171";"2851"
"28227724";"13120585";"2841"
"28227370";"13121886";"2841"
"28226919";"13124010";"4706"
"28217701";"13153399";"4603"
"28215468";"13187038";"4733"
"134189";"13188341";"3818"
"28215315";"13189949";"4733"
"3710371";"13216364";"2859"
"28213336";"13218578";"2831"
"28213136";"13220626";"3668"
"28211569";"13244686";"2831"
"28211034";"13249191";"2825"
"28210811";"13251824";"2831"
"13109524";"13270354";"4662"
"28209527";"13272523";"4114"
"28209369";"13274242";"3629"
"28207758";"13294645";"4669"
"28207186";"13303363";"3658"
"28206672";"13309893";"5043"
"28198338";"13404958";"5035"
"28193914";"13450498";"2831"
"28192761";"13464015";"2830"
"28190823";"13480751";"2831"
"28188975";"13498375";"2831"
"28188785";"13500437";"2831"
"28188739";"13500516";"2831"
"28188734";"13500525";"4682"
"28188641";"13500826";"4692"
"28188490";"13501579";"2778"
"28188109";"13507805";"2826"
"28187268";"13514707";"2829"
"28187054";"13517036";"4762"
"1325785";"13524966";"3668"
"28184872";"13537163";"5035"
"28184242";"13546706";"5021"
"28183624";"13554398";"4682"
"28183554";"13554942";"2831"
"28181455";"13575867";"5035"
"28178231";"13606394";"5048"
"28176100";"13626554";"4680"
"28175167";"13630239";"2831"
"28174309";"13644146";"4362"
"28168927";"13694418";"5048"
"28166800";"13714634";"5035"
"28165253";"13736504";"4715"
"28162747";"13775984";"2841"
"28161420";"13797247";"5035"
"28160101";"13817357";"2826"
"28158353";"13848824";"3629"
"28157985";"13856670";"2825"
"28157704";"13861129";"5035"
"133486";"13861134";"5035"
"28135623";"13906348";"5035"
"28130352";"13920483";"3640"
"28122732";"13947116";"4267"
"28120138";"13999295";"2809"
"692377";"14028992";"3693"
"28117930";"14039922";"4659"
"28117608";"14051458";"3693"
"28117607";"14051459";"3693"
"28116617";"14075326";"3640"
"28116165";"14080562";"2830"
"28115914";"14085310";"4268"
"28115572";"14094286";"4682"
"28114885";"14105815";"4721"
"28114343";"14117304";"2829"
"28112627";"14142263";"2831"
"28112624";"14142279";"4081"
"28112623";"14142279";"5257"
"28112461";"14143578";"4668"
"1927602";"14164569";"4762"
"28110426";"14189326";"5035"
"28108844";"14222556";"4784"
"28108843";"14222556";"4855"
"28108460";"14227135";"4726"
"28108247";"14229373";"4661"
"28106552";"14265630";"3640"
"28105031";"14292235";"4671"
"28104228";"14311048";"4691"
"28104229";"14311048";"4698"
"3161612";"14332274";"2860"
"28101534";"14355714";"5035"
"28098512";"14420240";"2825"
"28098468";"14420640";"4751"
"28097962";"14429733";"3775"
"28096591";"14453750";"4682"
"28095960";"14463376";"2841"
"28095288";"14480030";"3257"
"28095287";"14480030";"3726"
"28095289";"14480030";"4525"
"28095290";"14480030";"4781"
"28095286";"14480030";"5120"
"28095026";"14485365";"4739"
"28094602";"14492303";"3640"
"1244768";"14562269";"3640"
"1412314";"14562854";"3640"
"28090374";"14566965";"2839"
"28089941";"14571222";"2839"
"28089114";"14589373";"4844"
"28088642";"14595347";"2831"
"28087391";"14617398";"5035"
"28087060";"14624429";"2831"
"28087059";"14624430";"2831"
"28086467";"14635799";"3629"
"28086427";"14636552";"3668"
"28084644";"14663517";"4933"
"2276839";"14686202";"4581"
"2276840";"14686202";"4604"
"729322";"14689288";"2859"
"606904";"14689918";"2859"
"1572332";"14689952";"2859"
"28082311";"14691390";"5035"
"28082225";"14691623";"5035"
"28082217";"14691640";"5035"
"28081035";"14721965";"5035"
"1423155";"14745812";"2859"
"28078943";"14761519";"4114"
"1389694";"14776961";"2859"
"28075902";"14796069";"4647"
"28075903";"14796069";"4657"
"37212";"14831571";"3640"
"2045720";"14895154";"2830"
"28044214";"14898346";"2840"
"1914055";"14909484";"2860"
"28041979";"14920408";"4706"
"28041397";"14924480";"2859"
"28041396";"14924483";"2859"
"102286";"14933447";"3640"
"28037115";"14956126";"5023"
"2086280";"14974645";"2831"
"28030899";"14977666";"5138"
"28640448";"15049500";"3668"
"214413";"15135953";"5510"
"551293";"15211188";"3693"
"282287";"15269272";"3082"
"28613744";"15308368";"2831"
"28608919";"15353186";"4682"
"1155291";"15362396";"2859"
"1155158";"15362397";"2859"
"265834";"16007572";"3640"
"28590049";"16011590";"5060"
"4009842";"16021840";"3640"
"28588577";"16022242";"2842"
"809682";"16045588";"2860"
"1807625";"16116088";"4658"
"1807626";"16116088";"4659"
"1807627";"16116088";"4664"
"3713498";"16141836";"2859"
"2618801";"16142909";"2859"
"28559087";"16291905";"2831"
"28555412";"16372970";"2827"
"28555411";"16372970";"4945"
"1752998";"16377223";"4945"
"551580";"16448552";"4355"
"1932052";"16508329";"4682"
"1932053";"16508865";"4682"
"1952119";"16508867";"4682"
"28551531";"16513393";"2859"
"28550616";"16545561";"2831"
"301110";"16571902";"5035"
"1802037";"16608555";"3693"
"114033";"16646046";"3636"
"114034";"16646726";"3636"
"28548188";"16654157";"2831"
"28547873";"16665080";"3686"
"28545142";"16745199";"2830"
"1810960";"16745206";"4662"
"834958";"16757318";"2803"
"809690";"16800686";"4024"
"1186220";"16896460";"3661"
"2085537";"16911769";"2859"
"1489739";"16911770";"2859"
"102537";"16911785";"2859"
"2830411";"16944497";"3667"
"28538627";"16969222";"3629"
"1328696";"16998181";"2860"
"1561172";"17043919";"2859"
"1561169";"17059523";"2859"
"1890574";"17059958";"2825"
"781620";"17062268";"2859"
"28533765";"17064509";"2830"
"28532979";"17073929";"4086"
"28530657";"17117627";"2831"
"607012";"17124112";"2859"
"28530239";"17124405";"4784"
"28530238";"17124405";"4855"
"2242575";"17143071";"2859"
"781662";"17143080";"2859"
"28528987";"17161827";"4724"
"28528301";"17182903";"5138"
"28527580";"17206828";"5847"
"923519";"17340705";"3636"
"1267194";"17372021";"2841"
"1594208";"17433055";"2859"
"530812";"17439485";"2860"
"530811";"17439485";"3672"
"530815";"17439487";"2860"
"530814";"17439487";"3672"
"2104832";"17454477";"3629"
"2045319";"17455931";"3629"
"1839734";"17482246";"2829"
"2706793";"17537480";"2860"
"2706792";"17537480";"3672"
"2104912";"17537689";"3636"
"1857707";"17545410";"4762"
"1983745";"17557138";"3828"
"831179";"17577393";"3864"
"2278209";"17591496";"5510"
"2445114";"17601911";"4702"
"2277253";"17633076";"2831"
"2104959";"17653795";"2803"
"164764";"17666961";"2831"
"964005";"17669680";"2859"
"2781624";"17677321";"2859"
"607092";"17689669";"2859"
"607091";"17689670";"2859"
"607093";"17689671";"2859"
"607094";"17689672";"2859"
"1462083";"17792175";"4662"
"2006326";"17795740";"4662"
"1489896";"17795775";"4662"
"388133";"17796023";"2855"
"1839880";"17803658";"4558"
"2104999";"17829371";"3673"
"1700572";"17856104";"2860"
"1700571";"17856104";"4415"
"1462126";"17858709";"3693"
"3715375";"17876680";"3693"
"2131724";"17929093";"3623"
"2277283";"17943135";"2831"
"124913";"17943832";"3919"
"5956540";"17952607";"5138"
"781820";"17952805";"3825"
"1882732";"17952845";"5060"
"1540095";"17992217";"2859"
"124978";"18003486";"3828"
"1413061";"18003722";"2859"
"2089194";"18003761";"3693"
"87993";"18015818";"2803"
"88072";"18035190";"3818"
"88232";"18042042";"5051"
"338107";"18058537";"3697"
"181735";"18062651";"2778"
"2089185";"18068509";"2803"
"2105079";"18072714";"2803"
"181747";"18074064";"4671"
"165162";"18079470";"5063"
"573782";"18097587";"3193"
"253080";"18099114";"2803"
"253099";"18101536";"3919"
"69766";"18105176";"3914"
"253194";"18108270";"4136"
"253292";"18114332";"4521"
"253318";"18119257";"5061"
"290941";"18119296";"3687"
"321316";"18132522";"3629"
"674649";"18143289";"2803"
"195350";"18161067";"2831"
"321406";"18161071";"2841"
"321410";"18161078";"2841"
"321701";"18176512";"2846"
"291497";"18176516";"2826"
"91898";"18187513";"3680"
"91910";"18187530";"2859"
"92178";"18190512";"2859"
"321802";"18190604";"2841"
"353171";"18196739";"4726"
"353176";"18197553";"2806"
"426383";"18197755";"5042"
"103848";"18197795";"2859"
"353285";"18198146";"2859"
"28795";"18200313";"2806"
"93884";"18203967";"4945"
"426486";"18212114";"2803"
"445280";"18212812";"2860"
"426542";"18216080";"3672"
"154334";"18223536";"3629"
"182197";"18229625";"3672"
"445335";"18229829";"3687"
"114318";"18233709";"2859"
"253826";"18237449";"3178"
"445510";"18243421";"2859"
"155476";"18246675";"4574"
"155974";"18256990";"3640"
"155977";"18256994";"3640"
"156784";"18263553";"2831"
"8142";"18264454";"4725"
"266773";"18265417";"5035"
"445731";"18265455";"3710"
"157697";"18270325";"2809"
"157747";"18270444";"4574"
"184218";"18270448";"4645"
"185443";"18285566";"4735"
"485307";"18286229";"2860"
"517467";"18304212";"3669"
"257416";"18309327";"3693"
"234723";"18309489";"4945"
"165541";"18310178";"3671"
"517581";"18310663";"2809"
"273979";"18316407";"4574"
"188587";"18316696";"2802"
"165609";"18317488";"3693"
"258853";"18317511";"4574"
"592273";"18317640";"3629"
"338400";"18326183";"3667"
"274812";"18331782";"2803"
"275083";"18335162";"3693"
"592468";"18336430";"3693"
"275746";"18339707";"3919"
"323701";"18362151";"4762"
"277308";"18362182";"2803"
"277310";"18362194";"3688"
"609818";"18368082";"2831"
"324514";"18376713";"4574"
"629132";"18385031";"3707"
"297373";"18395009";"2803"
"327195";"18403852";"3908"
"327276";"18404012";"2831"
"327331";"18404112";"2841"
"327342";"18404131";"3818"
"356096";"18404193";"4716"
"629362";"18404785";"5035"
"327473";"18405050";"4945"
"358301";"18430227";"5510"
"446925";"18430253";"4574"
"517974";"18430314";"4662"
"430040";"18430574";"2831"
"430334";"18434920";"2831"
"214416";"18434952";"3702"
"430510";"18437932";"2803"
"518076";"18447698";"2831"
"448014";"18462260";"4574"
"433096";"18462279";"3818"
"40865";"18464577";"4662"
"433818";"18467373";"4662"
"433841";"18467439";"3914"
"771061";"18480899";"2803"
"519196";"18497114";"3818"
"450614";"18498901";"4671"
"455046";"18512148";"5067"
"783255";"18518732";"5035"
"52184";"18518825";"5067"
"521420";"18548029";"2831"
"494658";"18548661";"3894"
"523723";"18574600";"2831"
"525348";"18583236";"2859"
"597377";"18593101";"2831"
"369539";"18606308";"4848"
"843699";"18607388";"3665"
"700133";"18683915";"4762"
"338918";"18684078";"3155"
"979983";"18684339";"4675"
"6696";"18692786";"2833"
"167670";"18693464";"2830"
"635270";"18693606";"2841"
"162909";"18694877";"5035"
"72348";"18708323";"3629"
"103837";"18708456";"3629"
"618192";"18708545";"5048"
"618790";"18710377";"5048"
"162243";"18711685";"2841"
"168475";"18746384";"3636"
"704357";"18747866";"2860"
"775055";"18748981";"3693"
"1008577";"18751062";"2859"
"370042";"18752563";"2860"
"72662";"18753174";"2829"
"72705";"18755828";"2853"
"410810";"18756098";"4725"
"240781";"18756416";"2852"
"786173";"18759835";"3702"
"778493";"18777957";"3672"
"169914";"18797788";"3693"
"73161";"18798786";"2859"
"242032";"18828629";"3790"
"38217";"18840236";"2859"
"103938";"18844179";"2803"
"40728";"18844913";"2829"
"847136";"18871946";"3718"
"848265";"18879502";"5198"
"8275";"18884471";"5035"
"74845";"18887372";"2831"
"223107";"18897727";"2850"
"20370";"18899083";"3668"
"364639";"18915773";"2859"
"165730";"18962172";"4682"
"956224";"18963633";"3687"
"76600";"18968121";"3495"
"17086";"18969519";"2806"
"50068";"18996481";"4762"
"19465";"18996501";"3490"
"249639";"19006660";"3629"
"1011403";"19018869";"3672"
"20384";"19037897";"3745"
"366179";"19041705";"2859"
"366178";"19041705";"4629"
"424338";"19046397";"4662"
"68083";"19058295";"3697"
"263839";"19071902";"2859"
"31129";"19093851";"2803"
"69967";"19095814";"4838"
"61094";"19113021";"4662"
"532961";"19135001";"2860"
"270736";"19138440";"2860"
"270735";"19138440";"4417"
"1142736";"19141096";"4662"
"20755";"19157679";"2803"
"1114713";"19162167";"2803"
"103373";"19173116";"2859"
"165044";"19173130";"2803"
"21118";"19194360";"2803"
"52627";"19207513";"3629"
"290337";"19207521";"5035"
"52630";"19207551";"3629"
"104472";"19211828";"2859"
"8294";"19221703";"4725"
"79604";"19221705";"3641"
"79671";"19225904";"2803"
"165288";"19254321";"2803"
"264013";"19257962";"2803"
"124777";"19261019";"3910"
"21244";"19262593";"2803"
"144678";"19267847";"3662"
"534320";"19271947";"4655"
"627606";"19271948";"4662"
"174443";"19289252";"2803"
"264378";"19292438";"4662"
"459875";"19294250";"5048"
"442524";"19294252";"3819"
"224293";"19315072";"3640"
"79976";"19317272";"2803"
"105282";"19321229";"3640"
"459726";"19321230";"4802"
"267603";"19325165";"2859"
"267602";"19325165";"4522"
"458133";"19334181";"4662"
"72954";"19350066";"3640"
"224422";"19355136";"3640"
"528011";"19363124";"3636"
"224561";"19366957";"4945"
"471298";"19379192";"3636"
"536853";"19395335";"5035"
"53240";"19418510";"2803"
"53241";"19418512";"2803"
"311842";"19427777";"2841"
"375990";"19448275";"3693"
"55237";"19479759";"3668"
"396385";"19514246";"2803"
"82695";"19520995";"4658"
"82696";"19520995";"4661"
"83764";"19531864";"5035"
"396534";"19531871";"4662"
"218762";"19545457";"2803"
"396653";"19549049";"2860"
"396652";"19549049";"3672"
"416938";"19552841";"3693"
"148301";"19552847";"3818"
"176376";"19556301";"2831"
"149452";"19565957";"5035"
"150122";"19581867";"3636"
"205643";"19609419";"3640"
"105147";"19624632";"4574"
"19";"19632370";"2860"
"5380";"19644299";"2803"
"7927";"19646912";"4607"
"15574";"19647401";"4647"
"15573";"19647401";"4662"
"15575";"19647401";"4668"
"33155";"19667566";"3686"
"33446";"19667866";"2803"
"37114";"19672166";"2803"
"47607";"19679040";"3693"
"73246";"19707292";"3678"
"78777";"19707607";"5510"
"70772";"19714973";"2831"
"78558";"19720525";"3702"
"136360";"19738965";"3686"
"137190";"19742628";"2803"
"161517";"19763245";"4856"
"162063";"19765162";"2859"
"173549";"19776596";"2859"
"169105";"19780211";"2859"
"170091";"19782233";"2859"
"170847";"19782234";"2859"
"191171";"19797823";"4682"
"193960";"19804313";"3670"
"213483";"19829651";"2859"
"217637";"19838255";"2860"
"222799";"19838843";"4725"
"223866";"19842832";"2806"
"219433";"19844263";"2860"
"220942";"19849880";"4938"
"237016";"19865394";"3704"
"238742";"19874366";"2859"
"238026";"19875194";"3629"
"238579";"19875895";"3629"
"243564";"19877944";"2859"
"239621";"19879328";"3818"
"239962";"19880567";"3629"
"239991";"19880573";"3629"
"240518";"19880885";"3629"
"242349";"19885388";"2839"
"310024";"19905651";"3629"
"316554";"19905653";"3629"
"305621";"19905656";"3629"
"305502";"19905875";"3629"
"303911";"19905881";"3629"
"336572";"19923822";"2860"
"336571";"19923822";"3672"
"338606";"19928706";"3812"
"338603";"19928708";"3812"
"370904";"19968949";"3919"
"373275";"19972786";"3610"
"372781";"19973399";"3610"
"385692";"19983606";"2803"
"387330";"19987262";"3704"
"390411";"19998627";"3818"
"410688";"20026659";"4662"
"409518";"20027310";"5048"
"466295";"20061887";"3667"
"500851";"20092329";"4662"
"503442";"20100753";"2860"
"507256";"20102746";"5035"
"537939";"20128864";"5035"
"551520";"20152830";"3667"
"552748";"20158607";"3629"
"554336";"20163180";"3812"
"581277";"20189314";"3636"
"574875";"20189316";"4671"
"575561";"20193355";"2803"
"641916";"20218033";"3687"
"676748";"20259158";"2860"
"683288";"20263584";"4719"
"682689";"20265836";"4662"
"711382";"20283854";"2803"
"713205";"20289364";"4671"
"759959";"20333006";"2860"
"759958";"20333006";"3672"
"802405";"20364353";"3667"
"829040";"20385816";"3758"
"830732";"20390165";"4682"
"852726";"20392565";"3818"
"856176";"20416471";"2841"
"857211";"20418075";"2855"
"860235";"20431260";"5035"
"870953";"20432282";"4662"
"889664";"20454595";"3818"
"891791";"20461072";"2859"
"895045";"20482642";"3693"
"919066";"20499237";"2859"
"899733";"20499806";"2859"
"967214";"20550242";"3673"
"970029";"20551022";"2830"
"968401";"20555147";"3485"
"988867";"20564180";"2833"
"990599";"20568756";"2860"
"1017560";"20582447";"5257"
"1017562";"20582448";"5257"
"995014";"20585292";"3636"
"1023863";"20615900";"2859"
"1040128";"20633585";"3668"
"1049002";"20637288";"2859"
"1049001";"20637288";"4522"
"1043032";"20643316";"2803"
"1059197";"20653455";"5069"
"1046161";"20654448";"4662"
"1090762";"20684347";"4725"
"1095188";"20694810";"5035"
"1127655";"20723784";"3693"
"1128091";"20723785";"4671"
"1181240";"20761958";"2803"
"1158375";"20764910";"5035"
"1204782";"20795305";"2851"
"1203897";"20798625";"4762"
"1213414";"20818776";"2860"
"1212883";"20822263";"4951"
"1209691";"20825725";"3623"
"1261112";"20858769";"4951"
"1290552";"20876174";"3640"
"1292025";"20878777";"2803"
"1299884";"20895823";"2826"
"1327106";"20906079";"3640"
"1328573";"20908040";"3486"
"1358089";"20916724";"2860"
"1360177";"20929269";"3687"
"1368222";"20937404";"3693"
"1365539";"20941417";"2859"
"1389368";"20954205";"2859"
"1392348";"20962746";"2859"
"1394019";"20969287";"4661"
"1394018";"20969289";"4647"
"1433883";"20985798";"2859"
"1436753";"20992448";"2859"
"1439059";"20998885";"2859"
"1463691";"21010619";"3629"
"1491389";"21036118";"2859"
"1517317";"21051348";"2803"
"1525549";"21060125";"2860"
"1524344";"21061708";"5182"
"1537597";"21070909";"3668"
"1538700";"21073972";"3758"
"1538702";"21073973";"3758"
"1541856";"21082917";"3675"
"1586489";"21105831";"3687"
"1589900";"21115990";"2859"
"1632195";"21137515";"2831"
"1655375";"21147215";"3670"
"1658968";"21155327";"2859"
"1658789";"21157165";"4081"
"1673731";"21161382";"2860"
"1680446";"21182427";"4662"
"1719959";"21192155";"2853"
"1729129";"21193571";"3640"
"1701020";"21195422";"5435"
"1706069";"21200354";"3818"
"1774154";"21216837";"3629"
"1773019";"21227206";"5035"
"1773031";"21227210";"2859"
"1807573";"21252387";"4663"
"1830387";"21258184";"3672"
"1851584";"21278168";"2806"
"1876456";"21296428";"2859"
"1861454";"21297134";"2859"
"1862970";"21298303";"5035"
"1865063";"21298424";"5035"
"1887001";"21320414";"2802"
"1948266";"21347312";"5035"
"1950222";"21348402";"3629"
"1949274";"21350275";"2859"
"1949879";"21350277";"2859"
"1978660";"21360876";"2859"
"1978647";"21360878";"2859"
"1983382";"21360879";"2859"
"1978872";"21362599";"2851"
"1983350";"21362600";"2859"
"1982711";"21364368";"2859"
"1980390";"21365132";"2860"
"2004842";"21372321";"3640"
"2005833";"21373952";"2859"
"2006891";"21377552";"3687"
"2024796";"21383233";"2859"
"2024490";"21389510";"3822"
"2024354";"21392209";"3693"
"2032195";"21399168";"3693"
"2035765";"21403697";"2859"
"2030238";"21408898";"2859"
"2048396";"21411053";"4662"
"2029976";"21411308";"2859"
"2043896";"21411310";"4662"
"2031012";"21413198";"2859"
"2047814";"21415651";"3665"
"2049591";"21416481";"2859"
"2051018";"21417197";"2859"
"2082069";"21417956";"2859"
"2081225";"21417959";"2859"
"2051406";"21418100";"2859"
"2059573";"21421402";"2859"
"2052726";"21422404";"2859"
"2082275";"21422408";"2859"
"2052669";"21423316";"2859"
"2054232";"21427141";"3959"
"3859173";"21454623";"4706"
"2124323";"21458604";"4662"
"2133631";"21462353";"4576"
"2162276";"21483193";"5510"
"2166614";"21483996";"2829"
"2167103";"21484650";"2859"
"2191641";"21498230";"2803"
"2198969";"21504433";"3587"
"2196786";"21515505";"3587"
"2196929";"21516055";"3587"
"2211550";"21516519";"3587"
"2197885";"21517090";"3587"
"2235372";"21528106";"3667"
"2237006";"21534134";"2831"
"2236850";"21540780";"5035"
"2239862";"21550406";"3665"
"2271156";"21563102";"5035"
"2274394";"21566267";"2860"
"2247634";"21569747";"3486"
"2291696";"21578580";"3670"
"2316976";"21586817";"2860"
"2360677";"21616478";"5501"
"2338005";"21621320";"4548"
"2338006";"21621320";"4574"
"2384163";"21636570";"2859"
"2384866";"21639834";"2859"
"2370553";"21646800";"5035"
"2407351";"21694179";"3640"
"2412352";"21704721";"3623"
"2414197";"21704727";"5055"
"3088066";"21706558";"4706"
"2492941";"21737636";"2859"
"2492943";"21737637";"2859"
"2492930";"21737638";"3758"
"2493746";"21741174";"5510"
"2494055";"21741464";"4548"
"2494056";"21741464";"4574"
"2502844";"21747487";"3629"
"2494932";"21747775";"3629"
"2499064";"21750992";"5035"
"2516860";"21752993";"3629"
"2530316";"21760721";"3669"
"2532756";"21768321";"3667"
"2537274";"21769336";"2803"
"2540322";"21783467";"3587"
"2539873";"21783832";"3587"
"2555044";"21788518";"3587"
"2564318";"21804725";"2859"
"2564316";"21804725";"4522"
"2564317";"21804725";"4614"
"2564301";"21805062";"3587"
"2563378";"21805158";"2860"
"2563295";"21808287";"3587"
"2587852";"21828519";"2831"
"2585806";"21829658";"4945"
"2588658";"21831326";"2829"
"2619860";"21831328";"2813"
"2619413";"21851035";"3758"
"2673778";"21871990";"4548"
"2673779";"21871990";"4574"
"2675626";"21883557";"3676"
"2737016";"21894034";"5510"
"3394592";"21895766";"4706"
"2682319";"21899932";"4662"
"2739196";"21902144";"2859"
"2717720";"21922977";"2859"
"2742831";"21945424";"2859"
"2743652";"21946719";"2859"
"2758190";"21952641";"5281"
"2764614";"21965317";"5035"
"2749738";"21965319";"5035"
"2753235";"21969026";"2860"
"2753252";"21972212";"2859"
"2783020";"21998869";"4574"
"2782752";"22006209";"4668"
"2882784";"22050610";"2860"
"2882926";"22051086";"3683"
"2887709";"22061780";"2860"
"2912457";"22064477";"3672"
"2912509";"22064499";"3672"
"2912812";"22065024";"3665"
"2914412";"22067681";"3693"
"2947149";"22077136";"5510"
"2921689";"22084210";"4725"
"2951057";"22104834";"2826"
"2945038";"22106769";"2860"
"2945035";"22106770";"2860"
"2951523";"22106771";"2860"
"2945033";"22106774";"2860"
"2962427";"22109199";"2841"
"2981532";"22110746";"3818"
"2967109";"22114896";"3665"
"2990477";"22116354";"2860"
"2990476";"22116354";"3672"
"2990475";"22116354";"4407"
"2956027";"22118301";"3623"
"2992502";"22147789";"3672"
"2997545";"22158191";"4548"
"2997546";"22158191";"4574"
"2997928";"22160530";"3227"
"2997927";"22160530";"3229"
"2997926";"22160530";"3230"
"2997929";"22160530";"3231"
"2997925";"22160530";"3234"
"3001605";"22170851";"2860"
"3001604";"22170851";"3672"
"3001603";"22170851";"4407"
"3044010";"22192978";"2831"
"3069393";"22202743";"2860"
"3071176";"22202744";"2860"
"3072178";"22208001";"2805"
"3078366";"22224358";"5035"
"3113747";"22238335";"3688"
"25342282";"22238336";"3672"
"3133409";"22246560";"3683"
"3130279";"22255856";"4654"
"3128735";"22256919";"3919"
"3155965";"22264856";"4662"
"3157741";"22277360";"3688"
"3160980";"22283948";"5257"
"3166727";"22285954";"2835"
"3173795";"22303757";"4061"
"3177234";"22312769";"2806"
"3178872";"22314371";"2839"
"3244764";"22322937";"2860"
"3244762";"22322937";"3068"
"3244763";"22322937";"4101"
"3244761";"22322937";"4422"
"3203804";"22324138";"2839"
"3208837";"22333244";"3693"
"3208439";"22333865";"3801"
"3208438";"22333865";"3825"
"3209011";"22334761";"4671"
"3221583";"22341357";"2851"
"3249956";"22357407";"3672"
"3291087";"22371985";"3693"
"3259248";"22375746";"4114"
"3303985";"22385467";"4662"
"3263072";"22387187";"3623"
"3303133";"22387340";"3818"
"3309417";"22397631";"3687"
"3386304";"22420105";"4671"
"3389168";"22423410";"4706"
"3429519";"22439138";"4978"
"3429506";"22439140";"2803"
"3437933";"22456137";"2833"
"3435679";"22456240";"2833"
"3441253";"22458753";"2803"
"3461553";"22479698";"5038"
"3455989";"22479718";"4706"
"3488709";"22479723";"4706"
"3460143";"22487935";"3755"
"3494582";"22496256";"3693"
"3510158";"22514985";"4574"
"3509886";"22514997";"4726"
"3547078";"22525523";"2803"
"3547826";"22528333";"2860"
"3550075";"22533038";"3640"
"3603244";"22533289";"3704"
"3564527";"22539932";"2855"
"3554120";"22540186";"2860"
"3554118";"22540186";"3068"
"3554119";"22540186";"4101"
"3554117";"22540186";"4422"
"3554970";"22541661";"2859"
"3555370";"22541713";"4945"
"3557674";"22546326";"4891"
"3561087";"22546934";"4891"
"3565650";"22550522";"2833"
"3612738";"22556958";"4726"
"3650653";"22574008";"2860"
"3650652";"22574008";"4423"
"3650648";"22574017";"2860"
"3650647";"22574017";"4423"
"3650638";"22574030";"2860"
"3650637";"22574030";"4423"
"3655903";"22583314";"2859"
"3706585";"22598190";"4863"
"3710476";"22605254";"5503"
"3720292";"22610037";"4662"
"3720872";"22617737";"2859"
"3757280";"22620075";"3648"
"3762537";"22627254";"5503"
"3763532";"22627355";"3388"
"3777789";"22634263";"3629"
"3767766";"22634271";"4682"
"3786963";"22658990";"4706"
"3787120";"22659109";"3790"
"3788121";"22661178";"4081"
"3788117";"22661182";"4081"
"3791266";"22664900";"3640"
"3803930";"22674301";"4706"
"3858188";"22674362";"4081"
"3837791";"22674364";"4081"
"3913585";"22706231";"2826"
"3952798";"22735955";"3572"
"3952800";"22735955";"3774"
"3952799";"22735955";"5035"
"3999144";"22758444";"2803"
"4003658";"22767809";"4662"
"4006588";"22771923";"4888"
"4017239";"22778863";"2859"
"4054886";"22798006";"3667"
"4062943";"22808238";"4706"
"4061668";"22808458";"4733"
"4064630";"22811783";"5035"
"4063411";"22811814";"2855"
"4088660";"22839082";"3693"
"4086458";"22851119";"2859"
"4122954";"22869882";"5503"
"4124144";"22871941";"2833"
"4169002";"22890791";"2859"
"4195399";"22901938";"4985"
"4203631";"22914483";"4985"
"4204200";"22916696";"2859"
"4204201";"22916696";"2860"
"4274421";"22937988";"3648"
"4278866";"22944317";"5508"
"4282014";"22949618";"4892"
"4284367";"22952430";"4413"
"4284633";"22952722";"4395"
"4288869";"22954660";"2860"
"4288868";"22954660";"3672"
"4288867";"22954660";"4407"
"4304250";"22957251";"3858"
"4305581";"22960416";"3688"
"4305731";"22960886";"3658"
"4340204";"22984611";"2803"
"4340201";"22984616";"2835"
"4340198";"22984618";"2835"
"4352365";"23005815";"4665"
"4352546";"23006471";"5035"
"4386588";"23016297";"4985"
"4389367";"23021400";"3680"
"4389371";"23021404";"3667"
"4396351";"23031112";"4706"
"4411169";"23041322";"2851"
"4412458";"23041521";"2851"
"4420521";"23054609";"4945"
"4435039";"23059685";"3693"
"4436806";"23062575";"2841"
"4446807";"23081012";"2829"
"4452171";"23081966";"3629"
"4480152";"23082085";"3629"
"4481606";"23083298";"4095"
"4477303";"23092995";"2860"
"4481486";"23098910";"3687"
"4483773";"23102808";"3693"
"4484406";"23103790";"2851"
"4484198";"23104352";"2851"
"4487249";"23109233";"3755"
"4487677";"23110237";"3755"
"4489706";"23110424";"4656"
"4488004";"23110450";"3611"
"4490346";"23113567";"3628"
"4490669";"23114380";"5035"
"4492297";"23118178";"2833"
"4830668";"23235872";"3636"
"4890426";"23266516";"3825"
"8899284";"23339347";"3825"
"10218943";"23382189";"3825"
"8903495";"23398522";"3825"
"8903507";"23398713";"3825"
"6828320";"23427406";"2859"
"7043717";"23573597";"2831"
"8933412";"23641532";"2791"
"5573442";"23676196";"3629"
"5581738";"23685783";"3818"
"5581686";"23686034";"3636"
"7625452";"23745775";"2838"
"7925672";"23762002";"4751"
"10220341";"23779068";"2859"
"5725057";"23788857";"4751"
"6875613";"23807626";"2860"
"8958982";"23808618";"2860"
"5787314";"23878386";"2826"
"5787302";"23878402";"2826"
"5904184";"23957881";"4671"
"5904472";"23957938";"4751"
"8354652";"23993166";"2831"
"5928399";"23995871";"5035"
"9009810";"23996971";"2859"
"10220873";"24047289";"3361"
"6938978";"24083174";"5199"
"7343144";"24085258";"2859"
"6807647";"24147838";"2859"
"6102999";"24164420";"2837"
"6180499";"24271468";"5508"
"6225171";"24329615";"3602"
"6226384";"24336993";"4693"
"9168519";"24355980";"4095"
"6815830";"24357507";"3805"
"9205287";"24408771";"2860"
"9205286";"24408771";"3672"
"9205285";"24408771";"4407"
"9205291";"24408776";"2860"
"9205290";"24408776";"3672"
"9205289";"24408776";"4407"
"9364002";"24429512";"2831"
"9210099";"24433209";"3714"
"9216152";"24472775";"2859"
"6346894";"24477433";"2803"
"6350256";"24495571";"2826"
"9232152";"24504992";"3667"
"10221320";"24559535";"5612"
"6385897";"24565136";"3693"
"6386753";"24570462";"5060"
"9052165";"24572953";"2835"
"9277689";"24574624";"2860"
"6389177";"24580780";"4675"
"6404745";"24597930";"3693"
"6405339";"24600995";"3693"
"9384166";"24613963";"4912"
"9388082";"24626680";"4706"
"7098883";"24663611";"2831"
"6876111";"24673435";"5513"
"9411855";"24691053";"2831"
"6446918";"24691170";"2831"
"9415742";"24713429";"4560"
"6881556";"24750286";"5055"
"6910255";"24808624";"3864"
"9469216";"24927532";"2860"
"6603931";"24957599";"5508"
"6601389";"24963364";"2855"
"9474856";"24965807";"2860"
"7031386";"25014550";"3758"
"6668728";"25024565";"3693"
"6713477";"25029884";"4725"
"7143159";"25032554";"2859"
"7120811";"25033417";"2860"
"6682410";"25035355";"3388"
"7687662";"25035570";"4762"
"7031680";"25037536";"4423"
"6675023";"25038212";"2831"
"6720876";"25038291";"3629"
"6675806";"25038450";"5048"
"6675615";"25038595";"5510"
"6721341";"25038778";"3693"
"6678751";"25047366";"3629"
"6682371";"25047664";"2803"
"7072558";"25053951";"4423"
"6681154";"25055944";"3629"
"6720982";"25055948";"5035"
"9526042";"25074330";"3693"
"6988056";"25079577";"5435"
"6732030";"25095290";"5035"
"6734045";"25095451";"5048"
"6732971";"25099031";"4706"
"6733630";"25099885";"4421"
"6795869";"25112338";"2859"
"6757770";"25115001";"3693"
"6758855";"25126331";"4751"
"6926196";"25127546";"4024"
"7691444";"25130699";"3181"
"6778762";"25136008";"3629"
"7074267";"25148126";"4720"
"6780886";"25151088";"4432"
"6800903";"25173990";"4706"
"6802474";"25176187";"2841"
"6803619";"25177411";"5035"
"6821535";"25187880";"5048"
"6837476";"25192225";"4400"
"6825135";"25192258";"4706"
"6832037";"25203345";"5257"
"6834707";"25205082";"5035"
"6833341";"25205231";"3629"
"6919562";"25241014";"4574"
"6895193";"25241132";"4574"
"6895660";"25241176";"4645"
"6901263";"25243775";"4671"
"6932830";"25263391";"4706"
"6934990";"25265323";"2851"
"6935731";"25266769";"4706"
"6935896";"25267787";"4706"
"6939737";"25273174";"4671"
"6942739";"25274635";"3587"
"6969066";"25287656";"4706"
"6985626";"25306476";"4389"
"6982202";"25306959";"3629"
"6983158";"25307449";"3693"
"7027746";"25336232";"4690"
"7026594";"25338102";"4671"
"7051428";"25348541";"3629"
"7054769";"25354060";"2803"
"7061583";"25365813";"2830"
"7095850";"25373954";"4644"
"7175481";"25392247";"2826"
"7141985";"25397205";"2831"
"7139582";"25401726";"5035"
"7141200";"25403739";"4706"
"7143964";"25408112";"3486"
"7177341";"25410414";"5510"
"7177521";"25410457";"2855"
"7200531";"25435806";"5035"
"8820904";"25453064";"2791"
"7278200";"25455641";"3629"
"7243393";"25458495";"3693"
"7277761";"25460131";"4427"
"7253936";"25460194";"3629"
"7278966";"25464085";"4576"
"7252768";"25464376";"3486"
"7311018";"25482914";"5058"
"7291919";"25487438";"2855"
"7293290";"25489698";"5048"
"7332155";"25495602";"2831"
"7331270";"25496775";"4671"
"7335010";"25499144";"5035"
"7335011";"25499144";"5346"
"7333198";"25500794";"4671"
"7304237";"25505030";"2859"
"7386524";"25514886";"3687"
"7389181";"25518882";"2859"
"7344414";"25521264";"2829"
"7344415";"25521264";"2853"
"7395796";"25522666";"4391"
"7388681";"25538897";"2831"
"7356065";"25542766";"2860"
"7425613";"25562184";"2803"
"7433965";"25570139";"3818"
"7475072";"25593131";"2859"
"7474896";"25593508";"2803"
"7481880";"25600639";"4706"
"7489883";"25604866";"5035"
"7486213";"25606952";"4945"
"7490799";"25609983";"2859"
"7490798";"25609983";"5346"
"7493968";"25610885";"2859"
"7493967";"25610885";"5346"
"7580635";"25648288";"3158"
"7588943";"25653673";"4765"
"7598296";"25656323";"2826"
"7590253";"25656408";"5035"
"7650111";"25678725";"3486"
"7636777";"25680320";"3693"
"7647186";"25681845";"5035"
"7639458";"25682918";"3673"
"7649640";"25683679";"2859"
"7679885";"25697632";"2859"
"7679884";"25697633";"2859"
"7704706";"25712731";"3687"
"7704007";"25713080";"4682"
"7705800";"25714411";"3693"
"7717169";"25721801";"3894"
"7750619";"25730398";"2859"
"7752533";"25734228";"5508"
"7752452";"25734323";"3629"
"7753578";"25735105";"4682"
"7760183";"25744596";"3818"
"7762346";"25748134";"5058"
"7762418";"25748176";"2831"
"7766510";"25748547";"3818"
"7764671";"25749950";"2839"
"7763994";"25750820";"2839"
"7766984";"25751138";"2839"
"7765015";"25751610";"2839"
"7765212";"25751768";"2839"
"7801913";"25756202";"3818"
"7807236";"25760268";"3818"
"7804820";"25760288";"3629"
"7807339";"25767661";"5195"
"8528138";"25768101";"4713"
"7856938";"25770526";"4123"
"7810540";"25772192";"2831"
"7858487";"25773876";"2830"
"7887958";"25786847";"3584"
"8606477";"25787070";"5508"
"7976362";"25791681";"3693"
"7918465";"25796661";"3714"
"7934223";"25800516";"2859"
"7934222";"25800516";"4629"
"7950548";"25810271";"3629"
"7976950";"25811143";"4765"
"8576554";"25817804";"3693"
"8399730";"25817805";"3693"
"8399731";"25817807";"3693"
"8584844";"25819525";"3629"
"8589336";"25819658";"3629"
"8525439";"25824004";"2802"
"8578512";"25831851";"4395"
"8590643";"25832894";"2826"
"8402332";"25834199";"2797"
"8380282";"25835364";"3693"
"7992139";"25837609";"3702"
"7989396";"25844920";"4751"
"7990780";"25846878";"4675"
"8450397";"25858465";"3693"
"8035310";"25862089";"4706"
"8819704";"25864312";"4719"
"8495108";"25864442";"4709"
"8023230";"25865137";"2859"
"8585490";"25873404";"5508"
"8433331";"25878566";"3486"
"8061775";"25879997";"2837"
"8082828";"25880269";"4730"
"8498377";"25882915";"3486"
"8487549";"25884722";"4703"
"8080926";"25887691";"5043"
"8082522";"25888039";"3629"
"8110677";"25909861";"2831"
"8139792";"25910895";"5035"
"8576660";"25931798";"3485"
"8174318";"25934633";"3714"
"8180800";"25938799";"2826"
"8178269";"25939275";"5048"
"8221324";"25941008";"2859"
"8179599";"25941035";"2860"
"8186123";"25946521";"2841"
"8188914";"25952147";"3693"
"8188850";"25952379";"2835"
"8672611";"25953206";"3485"
"8217673";"25957748";"3755"
"8264911";"25977223";"2830"
"8270448";"25978523";"2860"
"8309841";"25980682";"2859"
"8581033";"25981981";"3486"
"8263155";"25982987";"2803"
"8264943";"25982991";"2803"
"8264037";"25983003";"2803"
"8261706";"25983952";"4706"
"8265016";"25985615";"4706"
"8274103";"25992408";"3629"
"8266210";"25994199";"2859"
"8838225";"26003491";"3629"
"8756176";"26008804";"3486"
"8304138";"26011028";"4114"
"8391338";"26044943";"4703"
"8393076";"26047592";"2831"
"8394785";"26048079";"5257"
"8387093";"26055872";"3685"
"8398594";"26063327";"3486"
"8440897";"26075850";"2805"
"8452275";"26084135";"4706"
"8492535";"26101091";"4423"
"8496476";"26105347";"4706"
"8499516";"26109437";"2826"
"8531408";"26118010";"2803"
"8531407";"26118012";"2803"
"8534372";"26122744";"4423"
"8538378";"26134506";"2831"
"8538212";"26134527";"2831"
"8538142";"26134554";"2831"
"8538873";"26135418";"4576"
"8544349";"26141159";"4095"
"8606893";"26149810";"5048"
"8606773";"26149924";"2803"
"8619594";"26160636";"3693"
"8624329";"26165071";"2831"
"8623670";"26167001";"2831"
"8623816";"26167448";"4734"
"8659483";"26174021";"3669"
"8663694";"26180918";"2849"
"8668308";"26183620";"2829"
"8669843";"26186570";"5257"
"8710701";"26205342";"5257"
"8712479";"26206631";"2831"
"8713183";"26208236";"2849"
"8741542";"26212154";"3714"
"8742280";"26212341";"5400"
"8752932";"26223435";"3693"
"8752727";"26226010";"4706"
"8753197";"26226493";"2831"
"8753358";"26226538";"2831"
"8753405";"26226581";"2831"
"8792633";"26243267";"3629"
"8842680";"26264485";"3640"
"8844224";"26266130";"2815"
"8846903";"26269534";"3038"
"8846902";"26269534";"3040"
"8846904";"26269534";"3073"
"8852461";"26275548";"5035"
"8882322";"26282277";"3640"
"8892834";"26293273";"3687"
"8968208";"26318777";"2831"
"9022910";"26337936";"4682"
"9024641";"26339273";"3825"
"9026572";"26340803";"4576"
"9027280";"26341423";"5502"
"9028337";"26343157";"2825"
"9076480";"26362964";"4706"
"9144057";"26375983";"2859"
"9154143";"26384806";"2802"
"9163291";"26391380";"4671"
"9165068";"26393323";"2833"
"9166810";"26393798";"2833"
"9215995";"26398604";"3714"
"9218245";"26398956";"2831"
"9219969";"26399731";"2815"
"9223478";"26401456";"3693"
"9229933";"26403128";"5226"
"9244890";"26417147";"2839"
"9854646";"26418737";"2806"
"9291975";"26427648";"3629"
"9292542";"26428525";"4706"
"9299990";"26436903";"2860"
"9302579";"26440904";"2839"
"9379536";"26469994";"4725"
"9396992";"26481499";"2831"
"9398707";"26482213";"2831"
"9506255";"26497085";"2831"
"9524394";"26506642";"2841"
"9523125";"26507306";"4675"
"9576502";"26518071";"2829"
"9619150";"26533274";"3864"
"9620653";"26535357";"3702"
"9633235";"26548410";"3797"
"9633236";"26548410";"5304"
"9635745";"26551332";"2830"
"9636981";"26551976";"4706"
"9637551";"26553894";"3629"
"9638375";"26554570";"2831"
"9665558";"26566844";"3629"
"9667826";"26570279";"4706"
"9669078";"26571668";"2817"
"9673945";"26575515";"4706"
"9679122";"26581735";"2831"
"9680129";"26582731";"3807"
"9704445";"26593579";"2829"
"9710991";"26600083";"2860"
"9819302";"26628637";"3755"
"9806514";"26638576";"2859"
"9812748";"26641949";"5035"
"9806816";"26642059";"2860"
"9806815";"26642059";"4423"
"9813395";"26644540";"5035"
"9820571";"26645252";"4945"
"9861790";"26654955";"2860"
"9861788";"26654955";"3778"
"9861789";"26654955";"4039"
"9861787";"26654955";"4423"
"9869138";"26662062";"5502"
"9868822";"26662408";"4706"
"27304513";"26664568";"2803"
"9911768";"26678861";"2831"
"9918617";"26684206";"4483"
"9918618";"26684206";"4535"
"9918619";"26684206";"4606"
"9914350";"26685258";"3629"
"9914325";"26685418";"3818"
"9956826";"26695083";"3486"
"9968296";"26708082";"2831"
"9967223";"26709311";"2831"
"10017308";"26732560";"2831"
"10017551";"26732780";"2831"
"25341751";"26738574";"3672"
"10066060";"26747889";"3687"
"10067523";"26749228";"3687"
"10073453";"26755267";"4706"
"10073377";"26755290";"4706"
"10073327";"26755312";"2830"
"10108434";"26766536";"3865"
"10115393";"26775589";"5510"
"10117860";"26777701";"4702"
"10117859";"26777701";"4706"
"10121350";"26781653";"2859"
"10121351";"26781653";"2860"
"10123154";"26783272";"3629"
"25341744";"26792634";"3672"
"10203802";"26808684";"3676"
"10206285";"26811291";"3693"
"10207832";"26813457";"4706"
"10209930";"26816001";"3629"
"10215447";"26821384";"4671"
"10216545";"26822816";"3629"
"10251335";"26827566";"2859"
"10262277";"26832543";"3158"
"10313816";"26852816";"4507"
"10365146";"26874307";"5182"
"10369350";"26879547";"4671"
"10374764";"26882774";"5257"
"10375894";"26884801";"5048"
"10372711";"26885334";"3693"
"10380182";"26888741";"2839"
"10425735";"26899558";"4945"
"10430981";"26904370";"3702"
"10433008";"26908174";"2829"
"10441512";"26914298";"2839"
"10441070";"26914512";"4945"
"10445029";"26916157";"2831"
"10445158";"26916810";"2839"
"10505274";"26926345";"4706"
"10508796";"26930046";"4706"
"10508047";"26930129";"4706"
"16271801";"27236243";"2802"
"10710975";"27246052";"2859"
"10724320";"27250596";"3629"
"10724960";"27252142";"2815"
"10824878";"27263364";"2859"
"10823095";"27263388";"2859"
"25341698";"27287788";"3672"
"10900392";"27295396";"2841"
"10904315";"27297890";"5048"
"10907747";"27300676";"5257"
"10911681";"27304011";"4403"
"10984708";"27319228";"4506"
"10984707";"27319228";"4512"
"10991686";"27326802";"2831"
"10991876";"27326814";"4705"
"10991712";"27326818";"4671"
"11168177";"27338426";"2860"
"11168176";"27338426";"4423"
"11168643";"27339482";"3602"
"11182172";"27350885";"3688"
"11274249";"27358764";"5838"
"11273697";"27358765";"5838"
"11275590";"27361916";"2859"
"11275591";"27361923";"2859"
"11275693";"27362235";"2826"
"11289646";"27374436";"3629"
"11292182";"27377339";"2812"
"11292183";"27377339";"2845"
"11293657";"27378982";"2859"
"11297181";"27381282";"2841"
"11296442";"27382136";"2831"
"11386070";"27395750";"3687"
"11486131";"27411668";"3864"
"16276128";"27411895";"2803"
"11521684";"27433940";"2833"
"11521228";"27434105";"2797"
"11521570";"27434255";"2831"
"11595606";"27472940";"4694"
"11664180";"27485827";"2826"
"11672717";"27495883";"4680"
"11678840";"27501608";"3486"
"11679481";"27503463";"2778"
"11679480";"27503463";"3637"
"11737940";"27519501";"3691"
"16566152";"27522545";"2802"
"11745880";"27529168";"5035"
"11747686";"27530692";"3693"
"11747367";"27530947";"4706"
"11749285";"27532312";"4725"
"11752104";"27535088";"4985"
"11801626";"27540241";"4081"
"11815772";"27555638";"2859"
"11817610";"27558148";"2859"
"17209012";"27568089";"2805"
"11872992";"27575406";"4671"
"11874747";"27577796";"5035"
"11921782";"27587678";"5060"
"11924271";"27591515";"4690"
"11973757";"27617711";"4706"
"17210093";"27617764";"2802"
"11974467";"27618666";"3629"
"12020600";"27636393";"3693"
"12031348";"27649191";"4706"
"12031441";"27649196";"4706"
"12031337";"27649207";"4706"
"12034914";"27653973";"2831"
"12038552";"27655667";"2831"
"12151003";"27684476";"3693"
"12160189";"27694929";"4765"
"12165709";"27701268";"4706"
"12166317";"27701935";"4375"
"12168321";"27704056";"3486"
"12207653";"27713920";"2860"
"12208289";"27715237";"4250"
"12208288";"27715237";"5149"
"12208863";"27715561";"3486"
"12218754";"27724976";"3486"
"12252751";"27730510";"4259"
"12261628";"27740647";"2831"
"12264208";"27742953";"5043"
"12271078";"27749772";"3514"
"12270896";"27749939";"2831"
"12323125";"27768817";"2859"
"12326897";"27772319";"3629"
"12330113";"27774940";"5035"
"12331067";"27776206";"4413"
"12367569";"27780564";"3690"
"12371310";"27784315";"4672"
"12380091";"27792064";"2831"
"12379910";"27792182";"3802"
"12379972";"27792501";"2831"
"12381901";"27795815";"3619"
"12419401";"27803518";"3864"
"12422220";"27806954";"4945"
"12425115";"27809390";"2859"
"12425108";"27809407";"4683"
"12427771";"27811362";"2797"
"12434955";"27820070";"5035"
"12434089";"27820095";"5035"
"12472261";"27825223";"3675"
"12480323";"27833687";"3636"
"12491801";"27841002";"3636"
"12492231";"27841301";"3636"
"12489520";"27841867";"3636"
"12489164";"27843485";"4706"
"12526908";"27849588";"3674"
"12539151";"27862156";"2778"
"12539150";"27862156";"3637"
"12539121";"27862197";"4413"
"12543234";"27863909";"2818"
"12596304";"27879872";"3675"
"12613003";"27898393";"4945"
"12612222";"27898948";"2859"
"12613279";"27899627";"2831"
"12615478";"27901807";"3587"
"12617560";"27902769";"4671"
"12617541";"27902776";"5035"
"12618261";"27903343";"3636"
"12685066";"27930058";"4985"
"12680195";"27931075";"2829"
"12686639";"27936394";"2859"
"12695257";"27945565";"3693"
"12695632";"27946490";"3687"
"12703731";"27955806";"3600"
"12780612";"27968853";"3640"
"12827918";"27988330";"3693"
"17737668";"27995363";"2802"
"12836070";"27998455";"4671"
"13035972";"28016654";"4951"
"13043692";"28022048";"2826"
"13054034";"28022869";"3755"
"13040531";"28022968";"2831"
"13078934";"28045919";"3693"
"13048410";"28045989";"4574"
"13059719";"28046536";"4706"
"13074964";"28048822";"2859"
"13039481";"28055510";"3388"
"13048529";"28060430";"2831"
"13097508";"28060563";"2831"
"13052727";"28069119";"2860"
"13095813";"28070454";"2860"
"13095812";"28070454";"4423"
"13100921";"28074335";"3864"
"13105430";"28078815";"2859"
"13120263";"28090851";"4400"
"13119764";"28093675";"4693"
"13120877";"28095430";"3812"
"13175033";"28111888";"5838"
"13183199";"28119534";"4706"
"13185059";"28120764";"2831"
"13184925";"28121016";"2831"
"13238970";"28139490";"2831"
"13240232";"28140842";"2839"
"13241999";"28143552";"4574"
"13282501";"28155323";"3486"
"13283741";"28155993";"3687"
"13287261";"28159538";"3633"
"13291643";"28163803";"4419"
"13293017";"28165355";"3097"
"13293151";"28165396";"2831"
"13295148";"28167910";"4675"
"13344399";"28188805";"2855"
"13347489";"28191894";"3745"
"13389256";"28203098";"4202"
"13390618";"28204115";"2859"
"13390625";"28204122";"2859"
"13396384";"28210521";"2826"
"13406622";"28218589";"2829"
"13474451";"28244367";"3818"
"13518974";"28253201";"3486"
"13531817";"28266646";"3629"
"13529564";"28266830";"2831"
"13528551";"28266862";"2826"
"13579548";"28280900";"3640"
"13584360";"28285052";"2833"
"13584435";"28285304";"5035"
"13636541";"28302665";"2813"
"13636540";"28302665";"2829"
"13638757";"28304964";"2826"
"13643361";"28309361";"3486"
"13686541";"28318082";"3486"
"13693092";"28324895";"2841"
"13698333";"28329606";"4432"
"13698564";"28329953";"3486"
"13702445";"28333464";"3629"
"13761268";"28346517";"3693"
"13771977";"28356862";"5035"
"13775615";"28360121";"4430"
"19261029";"28363475";"2803"
"13831357";"28376753";"4762"
"13833444";"28379529";"4671"
"13875655";"28390516";"4202"
"13888287";"28401749";"3894"
"13891851";"28404988";"5183"
"19439692";"28406309";"2806"
"13941426";"28425657";"5035"
"13943798";"28427866";"4751"
"13946065";"28430828";"2826"
"13950857";"28434525";"3486"
"14004624";"28455367";"4762"
"14011323";"28464635";"2860"
"14015592";"28469168";"3629"
"14123490";"28497586";"2859"
"14132525";"28507612";"2831"
"14134110";"28508734";"4706"
"14136623";"28511228";"2826"
"14140823";"28515168";"3205"
"14143141";"28516458";"2839"
"14204294";"28534585";"2830"
"14205031";"28536951";"2860"
"14257364";"28549492";"3758"
"14257863";"28549512";"3758"
"14262883";"28554494";"3693"
"14274526";"28568249";"5828"
"14279619";"28568681";"4912"
"14370889";"28613927";"4710"
"14445228";"28645643";"5035"
"14513142";"28683490";"5035"
"14518642";"28689683";"3822"
"14518430";"28689783";"2859"
"14564208";"28703012";"4733"
"14568481";"28706061";"3693"
"14580901";"28719471";"2831"
"14625148";"28725747";"3697"
"14625848";"28726342";"3697"
"14637302";"28734467";"5172"
"14651154";"28751842";"2839"
"14712448";"28768860";"3697"
"14713849";"28770488";"4086"
"14721189";"28779528";"3629"
"14729090";"28789492";"4399"
"14795215";"28806682";"5035"
"14800295";"28812702";"3629"
"14804358";"28818752";"4202"
"14810310";"28824850";"4413"
"14811539";"28826726";"3693"
"14818162";"28829801";"2831"
"14868530";"28846235";"3755"
"14868035";"28846666";"4682"
"14872240";"28851800";"2797"
"14874479";"28853431";"3693"
"14880729";"28860633";"4413"
"14884724";"28865251";"2839"
"14887664";"28866597";"3629"
"14888056";"28867363";"2860"
"14891367";"28872218";"2860"
"14891879";"28872303";"2860"
"15597223";"28879825";"2803"
"14966391";"28900361";"3629"
"14958899";"28903831";"3629"
"14962519";"28903926";"3629"
"14959440";"28904203";"3629"
"14958739";"28904300";"3629"
"14964029";"28907993";"4945"
"14964236";"28908342";"3629"
"14964934";"28908622";"3629"
"15039661";"28943540";"3704"
"15122232";"28972454";"2831"
"15122189";"28972627";"3629"
"15129669";"28974504";"2831"
"15127913";"28979526";"2860"
"15134032";"28985323";"4945"
"15181773";"28988750";"3640"
"15191582";"29000565";"2859"
"15194694";"29007176";"3629"
"15208747";"29023282";"5035"
"15210545";"29023289";"5035"
"15285440";"29058813";"2826"
"15285184";"29059040";"2831"
"15295570";"29069734";"2859"
"15298215";"29071698";"4576"
"15298175";"29071726";"2860"
"15299578";"29072317";"2826"
"25341244";"29078461";"3672"
"15369003";"29107110";"2826"
"15372348";"29109892";"2859"
"15374875";"29111743";"4576"
"15443497";"29133355";"3629"
"15444000";"29134636";"4951"
"15445543";"29136540";"3629"
"15454285";"29147174";"2860"
"15458826";"29152068";"2860"
"15468549";"29161827";"2859"
"15529905";"29173018";"4131"
"15559937";"29180539";"3818"
"15561462";"29187631";"5055"
"15577677";"29191390";"5512"
"15611407";"29219216";"2859"
"15673191";"29223514";"3693"
"15748818";"29250444";"2831"
"15752043";"29254359";"3629"
"15751941";"29254447";"5257"
"15754425";"29254643";"2859"
"15753162";"29255920";"2831"
"15758525";"29258078";"3629"
"15849370";"29280191";"3672"
"15855878";"29285846";"3629"
"15862709";"29295873";"2839"
"15866256";"29297392";"3714"
"15869365";"29301131";"2859"
"15869296";"29301222";"2859"
"15871872";"29303019";"3636"
"15926106";"29307625";"3640"
"15942504";"29325345";"2833"
"15943550";"29326720";"3693"
"15944025";"29327230";"5035"
"15951920";"29330386";"2831"
"16014865";"29353479";"2860"
"16014864";"29353479";"4423"
"16015006";"29353582";"3714"
"16015114";"29353630";"3714"
"16015270";"29353819";"3714"
"16015820";"29354340";"3714"
"16016087";"29354572";"3714"
"16049867";"29367105";"3693"
"16054049";"29372090";"3693"
"16065072";"29381589";"3693"
"16073619";"29382327";"2859"
"16074500";"29383497";"3980"
"16068816";"29386160";"3980"
"16070692";"29386995";"2778"
"16128556";"29394800";"3693"
"16130966";"29397315";"3693"
"16130926";"29397340";"3693"
"16131393";"29397889";"3693"
"16131386";"29397893";"3693"
"16133612";"29399778";"3693"
"16133592";"29399787";"3693"
"16133591";"29399788";"3693"
"16144730";"29411730";"3693"
"16154921";"29420072";"4945"
"16215930";"29444359";"3693"
"16219849";"29448537";"4671"
"16230563";"29458249";"2831"
"16230485";"29459277";"4209"
"16297783";"29478718";"5048"
"16312662";"29494517";"2859"
"16317164";"29497457";"2859"
"16381044";"29510458";"3629"
"16393464";"29525278";"3629"
"16572891";"29580383";"3864"
"16581525";"29587786";"2859"
"16584134";"29590247";"3629"
"16592926";"29600878";"5035"
"16653434";"29622739";"3693"
"16726585";"29654978";"2860"
"16733795";"29661484";"3629"
"16807481";"29694076";"3629"
"16819605";"29707640";"2860"
"16823169";"29711370";"4682"
"16897208";"29724958";"3758"
"17003122";"29784732";"3629"
"17011875";"29787285";"2826"
"17087803";"29822264";"3672"
"17155647";"29859021";"2826"
"17155621";"29859091";"2826"
"17166749";"29862226";"3636"
"17167984";"29874161";"2826"
"17223135";"29887015";"2839"
"17223225";"29887046";"4401"
"17241678";"29903730";"2859"
"17241677";"29903730";"4603"
"17247795";"29912683";"2817"
"17299080";"29938352";"2826"
"17349388";"29957637";"2860"
"17354001";"29962374";"2841"
"17363823";"29971694";"5035"
"17368089";"29976176";"2826"
"17368879";"29976765";"4604"
"17375165";"29980708";"2826"
"17375189";"29980732";"2826"
"17375119";"29980739";"4576"
"17456115";"30000444";"3629"
"17461855";"30001636";"4762"
"17466314";"30002525";"2860"
"17464598";"30006697";"2831"
"17477979";"30013967";"3629"
"17480917";"30017114";"3938"
"17476674";"30017757";"3587"
"17534553";"30029993";"5257"
"17543503";"30034242";"3640"
"17550916";"30043592";"2859"
"17559806";"30051042";"2860"
"17561359";"30052777";"2860"
"17561507";"30053056";"2860"
"17910114";"30158999";"2860"
"17909848";"30159219";"2860"
"17967145";"30177758";"3693"
"17972059";"30182432";"4782"
"18038138";"30211382";"2860"
"18038137";"30211382";"4868"
"18114048";"30242890";"2860"
"18114875";"30243537";"2859"
"18155119";"30245881";"3818"
"18177888";"30266225";"2859"
"18243715";"30293657";"3667"
"18249581";"30295615";"3687"
"18245627";"30295676";"2814"
"18388129";"30339985";"4706"
"18391058";"30342085";"2826"
"18393366";"30344237";"2859"
"18407181";"30355894";"4123"
"18406778";"30356754";"2860"
"18406777";"30356754";"4868"
"18575400";"30397302";"2859"
"18576459";"30398986";"2797"
"18583849";"30401867";"3587"
"18675089";"30438606";"2819"
"18731381";"30447446";"5502"
"18763018";"30472467";"2860"
"18763017";"30472467";"4423"
"18762960";"30472481";"4095"
"18765462";"30473556";"4095"
"18820771";"30480060";"3688"
"18845563";"30493789";"3672"
"18860023";"30510908";"2831"
"18948706";"30551447";"2860"
"18948705";"30551447";"4423"
"18954072";"30554217";"2826"
"19037936";"30595236";"3693"
"19040483";"30598040";"4671"
"19038692";"30598470";"2831"
"19067069";"30603133";"4671"
"19068453";"30603717";"2860"
"19068452";"30603717";"4423"
"19100831";"30634639";"4945"
"19101358";"30635319";"4095"
"19123683";"30637226";"5257"
"19198932";"30666450";"2859"
"19199578";"30667339";"4024"
"19199571";"30667346";"4024"
"19215070";"30684801";"2826"
"19295691";"30719964";"3640"
"19297130";"30721234";"5824"
"19349268";"30731442";"2859"
"19350070";"30732307";"2839"
"19390677";"30764326";"3818"
"19389396";"30764670";"3312"
"19433580";"30774791";"5035"
"19429529";"30775552";"4024"
"19421243";"30776862";"4081"
"19421244";"30776862";"4085"
"19457321";"30780756";"3312"
"19477423";"30802735";"5035"
"19488595";"30807629";"2797"
"19489003";"30808259";"2797"
"19489706";"30813508";"4945"
"19530246";"30818443";"3818"
"19538551";"30826097";"3758"
"19547612";"30838968";"2859"
"19557414";"30844177";"2860"
"19557413";"30844177";"4417"
"19557585";"30846851";"3229"
"19602177";"30858051";"3697"
"19617377";"30874503";"4671"
"19621153";"30875330";"4706"
"19698965";"30914141";"2826"
"19749318";"30923102";"4123"
"19750908";"30923972";"2826"
"19800457";"30956899";"4025"
"19821310";"30961395";"2859"
"19828982";"30963897";"2860"
"19883815";"30987535";"3693"
"19889614";"30988528";"2860"
"19906029";"30988660";"4025"
"19932433";"30991570";"3693"
"19930989";"30995171";"5138"
"19957613";"31020802";"4673"
"20032675";"31050892";"3097"
"20034553";"31053698";"3097"
"20055308";"31056900";"5493"
"20083143";"31060136";"2860"
"20110823";"31082228";"2803"
"20169683";"31088969";"3097"
"20169684";"31088969";"3138"
"20169544";"31090661";"3629"
"20169862";"31092991";"5246"
"20177618";"31097415";"5042"
"20260349";"31133108";"4693"
"20267434";"31142519";"5042"
"20266579";"31143054";"4706"
"21002887";"31146503";"2814"
"20370054";"31179202";"4671"
"20369776";"31179337";"4123"
"20394987";"31182782";"5400"
"20415121";"31184396";"3486"
"20432008";"31206437";"4574"
"20446550";"31214021";"2860"
"20442434";"31214709";"5035"
"20445264";"31215247";"4706"
"20505395";"31226025";"2826"
"20524779";"31248367";"2859"
"20522366";"31248868";"4682"
"20529747";"31252909";"2807"
"20529745";"31252912";"2859"
"20547257";"31255365";"5058"
"20560700";"31257060";"4671"
"20593067";"31264185";"3693"
"20603761";"31275559";"4945"
"20703244";"31293956";"5058"
"20700158";"31294065";"2814"
"20699416";"31295226";"4025"
"20705972";"31295562";"2860"
"20787071";"31297847";"3672"
"20700305";"31301277";"4848"
"20702902";"31303274";"3040"
"20702805";"31303400";"4985"
"20703337";"31304675";"3629"
"20737679";"31318286";"5513"
"20737557";"31318291";"2856"
"20774921";"31320350";"3864"
"20797250";"31340928";"3693"
"20798996";"31346471";"2797"
"20798088";"31346607";"2797"
"20797942";"31346771";"2797"
"20802782";"31351252";"4985"
"20806287";"31354295";"4731"
"20858502";"31357358";"3742"
"20870163";"31369426";"3486"
"20968904";"31416361";"2860"
"20968903";"31416361";"4423"
"21014105";"31433679";"2860"
"21014104";"31433679";"4417"
"21016321";"31435767";"2860"
"21017428";"31437482";"2831"
"21019055";"31438847";"3693"
"21018869";"31438991";"2860"
"21018867";"31438991";"4403"
"21018868";"31438991";"4432"
"21025104";"31446813";"2860"
"21141343";"31456784";"5513"
"21174431";"31462024";"2860"
"21174429";"31462024";"3068"
"21174430";"31462024";"4101"
"21174428";"31462024";"4422"
"21181132";"31467702";"3629"
"21180337";"31468400";"2860"
"21181772";"31470374";"3587"
"21188106";"31476535";"2831"
"21189395";"31478000";"4024"
"21282744";"31496875";"2802"
"21284998";"31498762";"2803"
"21287570";"31501688";"2826"
"21289380";"31503668";"2859"
"21290540";"31505013";"3629"
"21294555";"31509444";"3742"
"21300394";"31515400";"5138"
"21303325";"31521008";"2826"
"21373214";"31529813";"4266"
"21373704";"31530440";"3693"
"21377562";"31534698";"3704"
"21392904";"31550929";"5042"
"21397864";"31557433";"2859"
"21398935";"31558632";"2813"
"21398805";"31558697";"2859"
"21439248";"31566663";"2821"
"21457345";"31584988";"2831"
"21459033";"31585011";"2831"
"21458256";"31585031";"2831"
"21460630";"31589698";"3629"
"21499898";"31605096";"2859"
"21499975";"31605212";"2859"
"21579772";"31614695";"2859"
"21589491";"31623653";"4024"
"21603915";"31636899";"5035"
"21605829";"31639474";"2826"
"21605882";"31639558";"2831"
"21668060";"31649368";"3704"
"21674059";"31655108";"2814"
"21679274";"31660786";"2860"
"21687073";"31669298";"4697"
"21688968";"31672772";"4024"
"21692997";"31676750";"2860"
"21692996";"31676750";"4429"
"21760831";"31692535";"2814"
"21763296";"31695117";"3852"
"21774034";"31706715";"4671"
"21772822";"31707367";"4024"
"21778134";"31711916";"2859"
"21839719";"31718185";"3671"
"21852307";"31733339";"2860"
"21855856";"31736991";"4413"
"21855647";"31737898";"4024"
"21863908";"31744718";"2859"
"21865600";"31745778";"2859"
"21910141";"31751326";"2859"
"21917109";"31759190";"5138"
"21917726";"31760591";"3629"
"22250872";"31760697";"4209"
"21921944";"31765715";"2831"
"21924122";"31765930";"4725"
"21930758";"31772479";"4024"
"21928784";"31772835";"4024"
"21931838";"31773381";"2814"
"22039875";"31785712";"3864"
"22043104";"31788848";"4951"
"22045967";"31791580";"5137"
"22065048";"31800205";"3693"
"22052811";"31800604";"5035"
"22063445";"31804628";"2859"
"22060802";"31808431";"4706"
"22141172";"31824409";"4202"
"22150348";"31834262";"5035"
"22154943";"31838942";"5058"
"22154731";"31839057";"2831"
"22233894";"31853928";"4202"
"22238229";"31858851";"2814"
"22245066";"31865269";"4025"
"22246280";"31867169";"5035"
"22246252";"31867187";"5035"
"22249525";"31869898";"2831"
"22336092";"31893380";"5035"
"22337668";"31895979";"4706"
"22338210";"31896677";"2860"
"22340314";"31898565";"5257"
"22374344";"31905164";"3672"
"22389126";"31907188";"2841"
"22408430";"31912127";"2826"
"22414595";"31917119";"4706"
"22428820";"31918570";"3693"
"22427010";"31918760";"4706"
"22419237";"31925372";"2831"
"22428410";"31927518";"4985"
"22571194";"31968807";"2859"
"22616833";"31970024";"4985"
"22619314";"31971489";"2841"
"22567191";"31973635";"2803"
"22615007";"31988467";"4032"
"22657332";"32006162";"5137"
"23183103";"32009884";"2841"
"22682678";"32010184";"5035"
"22663436";"32014063";"5281"
"22684783";"32024031";"4912"
"22717214";"32042075";"3611"
"22738507";"32051282";"3755"
"22741750";"32051974";"2860"
"22741292";"32052179";"2814"
"22740592";"32052227";"2860"
"22740591";"32052227";"4429"
"22740491";"32052505";"2859"
"22785210";"32064757";"5035"
"22754603";"32064802";"5035"
"22754685";"32064841";"4945"
"22766648";"32064847";"4945"
"22784234";"32066066";"3688"
"22799803";"32088964";"4671"
"22800433";"32089190";"4395"
"22855641";"32113686";"3665"
"22858471";"32116854";"2844"
"22862418";"32119995";"2859"
"22866407";"32124659";"2803"
"22868018";"32124954";"2814"
"22867740";"32126355";"4202"
"22871503";"32130426";"3894"
"22873252";"32131705";"2831"
"22873835";"32132234";"4202"
"22916344";"32147200";"4951"
"22928368";"32160958";"4671"
"22932374";"32165593";"4095"
"22978994";"32186048";"2814"
"22985346";"32192155";"2831"
"22985657";"32192189";"5035"
"22987539";"32196143";"4024"
"22987629";"32196159";"3629"
"23034916";"32217023";"2859"
"23040977";"32222433";"4095"
"23048098";"32226308";"5825"
"23048095";"32226310";"5825"
"23097073";"32244616";"5209"
"23097124";"32244711";"5138"
"23100585";"32247500";"3693"
"23100210";"32247659";"2826"
"23100064";"32247737";"2826"
"23231117";"32266060";"3758"
"23255092";"32288059";"3894"
"23258807";"32290617";"2859"
"23298274";"32296661";"3693"
"23307516";"32298077";"3668"
"23344102";"32314319";"2833"
"23344397";"32315947";"2846"
"23409789";"32333189";"3636"
"23422749";"32340300";"2831"
"23423913";"32341577";"3629"
"23423622";"32341836";"3894"
"23482140";"32359643";"2829"
"23533501";"32379965";"3388"
"23535026";"32382144";"2803"
"23537698";"32385594";"5035"
"23537691";"32385603";"5035"
"23537684";"32385615";"5035"
"23630557";"32416895";"2791"
"23631109";"32417490";"2803"
"23634053";"32420024";"2814"
"23636764";"32424655";"5035"
"23636727";"32424671";"5035"
"23640141";"32427380";"2797"
"23654730";"32432328";"3388"
"23694135";"32438818";"2860"
"23701023";"32442584";"3388"
"23703445";"32445612";"2860"
"23706493";"32451366";"4375"
"23707877";"32451846";"2860"
"23708939";"32454770";"4671"
"23764904";"32464972";"2859"
"23750687";"32465275";"4725"
"23946688";"32467785";"2860"
"23944844";"32470381";"2803"
"23944794";"32470447";"3687"
"23924338";"32472948";"3613"
"23924337";"32472948";"5035"
"23755152";"32477260";"4673"
"23754620";"32477434";"4725"
"23767819";"32486160";"2791"
"23809139";"32492877";"3388"
"23804812";"32496205";"3745"
"23848945";"32518389";"3693"
"23848990";"32518402";"3693"
"23848955";"32518405";"3693"
"23848477";"32518411";"2803"
"23877875";"32522680";"3388"
"23877714";"32522752";"3693"
"23877225";"32522948";"3714"
"23873404";"32526180";"5048"
"23984843";"32559430";"3629"
"23985394";"32560038";"3693"
"23984969";"32560218";"3693"
"23987118";"32562519";"2804"
"24019524";"32589491";"2802"
"24045907";"32600722";"2859"
"24045740";"32600801";"3495"
"24058092";"32609321";"4945"
"24055094";"32610208";"2826"
"24072100";"32624883";"3668"
"24153714";"32633482";"3371"
"24151926";"32635971";"4673"
"24151872";"32636020";"4673"
"24151614";"32636314";"2860"
"24149816";"32637368";"4683"
"24142609";"32638385";"4673"
"24142584";"32638390";"2826"
"24147175";"32640598";"2860"
"24685168";"32643293";"2859"
"24142090";"32644928";"2859"
"24202078";"32664044";"4574"
"24201942";"32664105";"4706"
"24201977";"32664106";"4574"
"24214152";"32673435";"3383"
"24210637";"32678069";"4506"
"24210636";"32678069";"4512"
"24229450";"32687352";"3388"
"24231005";"32687382";"3388"
"24238721";"32687730";"3388"
"24379952";"32703247";"5035"
"24389070";"32716182";"4024"
"24396894";"32726606";"4024"
"24458278";"32736700";"2803"
"24460751";"32740080";"4724"
"24462213";"32742329";"2803"
"24462670";"32742733";"3818"
"24463196";"32743138";"5035"
"24463674";"32744390";"4024"
"24466132";"32748387";"3704"
"24468076";"32750993";"3693"
"24470220";"32754021";"3745"
"24470700";"32755225";"5035"
"24471560";"32756279";"2831"
"24471769";"32756698";"2831"
"24471945";"32756944";"2831"
"24472915";"32758508";"4024"
"24516199";"32769261";"3636"
"24518932";"32773206";"3636"
"24524597";"32780447";"4574"
"24525592";"32781565";"4574"
"24527392";"32784566";"2860"
"24528887";"32787579";"2831"
"24551667";"32790761";"3350"
"24556963";"32796697";"2803"
"24557934";"32798986";"2859"
"24561165";"32801329";"3636"
"24564859";"32806670";"2831"
"24575477";"32818339";"2860"
"24722463";"32835737";"3693"
"24722252";"32835829";"5058"
"24729330";"32844861";"3687"
"24742783";"32863043";"2806"
"24855387";"32892018";"3710"
"24820203";"32895050";"3818"
"24820768";"32898578";"3693"
"24808160";"32903837";"2835"
"24808029";"32903944";"4912"
"24810687";"32906118";"3693"
"24809980";"32907721";"3693"
"24809431";"32908041";"5105"
"24817766";"32928541";"5058"
"24880997";"32988731";"4727"
"24880521";"32988928";"2814"
"24880358";"32989000";"2860"
"24880357";"32989000";"4417"
"24880115";"32992185";"2833"
"24897489";"32996189";"3805"
"24916499";"33017757";"5138"
"24926820";"33041799";"4912"
"24928136";"33043009";"4721"
"25058111";"33118324";"3818"
"25063588";"33132070";"3693"
"25068754";"33141783";"4912"
"25078058";"33160377";"4733"
"25142033";"33198442";"3687"
"25144751";"33207023";"2831"
"25225945";"33291240";"4024"
"25229917";"33300652";"2859"
"25229918";"33300652";"4603"
"25265790";"33313261";"2786"
"25265693";"33313874";"3667"
"25285301";"33359503";"4024"
"25322935";"33393607";"2814"
"25336892";"33429989";"4024"
"25557276";"33479641";"3693"
"25565884";"33497113";"5825"
"25570194";"33504146";"3658"
"25571484";"33508525";"2814"
"25572625";"33511694";"2814"
"25575460";"33517682";"2814"
"25577323";"33520451";"5138"
"25576256";"33522141";"5138"
"25581044";"33526662";"2839"
"25581023";"33526711";"3629"
"25583124";"33531429";"2859"
"25582698";"33533612";"2860"
"25584261";"33536672";"3486"
"25583432";"33537387";"2839"
"25583536";"33538879";"2831"
"25641095";"33560637";"5138"
"25646513";"33573737";"2860"
"25662238";"33612256";"2860"
"25662239";"33612256";"3672"
"25662240";"33612256";"4407"
"25722313";"33643350";"2803"
"25725958";"33650017";"3864"
"25729169";"33655556";"2798"
"25729397";"33655622";"4673"
"25729519";"33655649";"4673"
"25729489";"33655674";"4673"
"25734427";"33664494";"4024"
"25734148";"33665422";"4673"
"25736702";"33669577";"2803"
"25738661";"33682506";"2814"
"25744408";"33695787";"2860"
"25748709";"33703685";"4671"
"25748386";"33703831";"4706"
"25748021";"33704036";"4071"
"25750986";"33711158";"4671"
"25795221";"33744349";"2809"
"25814149";"33797049";"2831"
"25818412";"33809233";"2831"
"25817974";"33809321";"3629"
"25822860";"33815920";"2826"
"25855308";"33828573";"2803"
"25861821";"33848604";"2859"
"25868082";"33870111";"2831"
"25867953";"33870265";"2860"
"25875704";"33904189";"3486"
"25888229";"33964157";"2859"
"25888242";"33964192";"2859"
"25888243";"33964192";"2860"
"26006945";"34092118";"2831"
"26057324";"34129095";"3486"
"26076961";"34174832";"4721"
"26116332";"34223814";"4717"
"26118257";"34225080";"5048"
"26119079";"34230439";"2814"
"26122228";"34236399";"2814"
"26189881";"34287313";"2814"
"26196152";"34303099";"2831"
"26202856";"34310619";"4024"
"26203592";"34323393";"2859"
"26263397";"34345656";"3697"
"26266065";"34350894";"3693"
"26266057";"34350911";"3658"
"26288300";"34419924";"2859"
"26346824";"34429817";"3693"
"26346826";"34429819";"3693"
"26365448";"34442145";"3758"
"26365330";"34442283";"3697"
"26374342";"34458782";"2831"
"26376671";"34462190";"2831"
"26381612";"34472638";"4024"
"26386513";"34480487";"4202"
"26445829";"34538414";"4025"
"26527490";"34591690";"2835"
"26528955";"34592646";"4728"
"26533646";"34604958";"4202"
"26542457";"34620142";"4024"
"26549507";"34638228";"4682"
"26614540";"34663867";"2814"
"26615655";"34666282";"3668"
"26617731";"34672716";"4706"
"26619727";"34673642";"4024"
"26628761";"34698448";"2814"
"26749774";"34746452";"5035"
"26758225";"34753826";"3629"
"26759721";"34761096";"2803"
"29053508";"34789362";"3486"
"26773542";"34791133";"2831"
"26831019";"34800957";"3675"
"26838811";"34814210";"3640"
"26838569";"34814432";"5508"
"26851592";"34836834";"4683"
"26851354";"34836886";"2814"
"26855408";"34845230";"4945"
"26855406";"34845254";"4671"
"26854967";"34847625";"5827"
"26857724";"34850965";"5827"
"26863542";"34860968";"2803"
"26867901";"34869978";"2803"
"26873491";"34876691";"2814"
"26876901";"34885152";"4863"
"26879340";"34891196";"4720"
"26881236";"34893915";"5827"
"26885582";"34902821";"2814"
"26885518";"34902881";"4699"
"26887833";"34906287";"2831"
"26887919";"34906290";"4682"
"26887865";"34906299";"4682"
"27004146";"34944646";"2859"
"27011253";"34958212";"2831"
"27011225";"34958249";"2831"
"27022298";"34970558";"2808"
"27031087";"34986696";"3745"
"27031638";"34988971";"3672"
"27032723";"34993080";"4024"
"27044207";"35012887";"4671"
"27161314";"35051040";"5827"
"27164547";"35054195";"2814"
"27172488";"35072016";"5035"
"27172485";"35072027";"5035"
"29039794";"35076631";"4741"
"27181450";"35078329";"4671"
"27226694";"35093367";"3640"
"27242710";"35121488";"2859"
"27242629";"35122197";"3693"
"27248577";"35126492";"2859"
"27248214";"35127341";"5400"
"27247854";"35127814";"2831"
"27304732";"35156743";"2814"
"27369645";"35194085";"2821"
"27370787";"35195104";"4726"
"27371352";"35195803";"4726"
"27384931";"35220112";"4951"
"27447987";"35239992";"2803"
"27460264";"35265035";"3894"
"27464024";"35266305";"5035"
"27469103";"35277399";"4483"
"27518965";"35289297";"4132"
"27544048";"35313295";"2826"
"27572226";"35334220";"2860"
"27572227";"35334220";"4429"
"27571242";"35335148";"2831"
"27568067";"35339321";"3758"
"27568066";"35339321";"3785"
"27656572";"35360522";"3668"
"27670201";"35369705";"2803"
"27684337";"35377535";"2803"
"27873497";"35380820";"5035"
"27831878";"35390815";"4202"
"27823125";"35395795";"4025"
"27820620";"35396841";"2860"
"27803750";"35418760";"5069"
"27880938";"35429979";"2859"
"27881136";"35452845";"5035"
"27902193";"35458851";"2803"
"27933456";"35465806";"4024"
"27948965";"35475570";"2814"
"27951277";"35477953";"2831"
"28016672";"35494801";"2826"
"28021132";"35498618";"2859"
"28022410";"35500257";"3639"
"28034916";"35511779";"5035"
"28034410";"35513412";"2826"
"28119211";"35533009";"3629"
"28120146";"35533059";"3629"
"28169364";"35537164";"2859"
"28170557";"35538096";"2831"
"28180280";"35544236";"2860"
"28180281";"35544236";"3672"
"28180282";"35544236";"4407"
"28186235";"35546618";"4024"
"28293153";"35579246";"4024"
"28296949";"35582037";"2842"
"28309083";"35591000";"2826"
"28310482";"35593108";"2826"
"28324454";"35600171";"4024"
"28397592";"35613075";"4985"
"28401374";"35615600";"2803"
"28505431";"35640223";"3758"
"28510162";"35642709";"5825"
"28523984";"35650968";"2814"
"28530840";"35655132";"2859"
"28542507";"35661034";"5351"
"28551321";"35662142";"2831"
"28614143";"35669848";"3697"
"28631287";"35687812";"5035"
"28631368";"35687851";"2859"
"28631369";"35687851";"4499"
"28640213";"35693396";"4671"
"28648529";"35699219";"2859"
"28722985";"35718946";"2805"
"28725057";"35721977";"2807"
"28728911";"35726889";"3864"
"28732998";"35731967";"2831"
"28744389";"35751080";"2851"
"28790590";"35759416";"5257"
"28799014";"35771706";"5048"
"28801484";"35775835";"5059"
"28809513";"35788108";"2831"
"28866601";"35811901";"4706"
"28931268";"35849481";"2778"
"28931266";"35849481";"3814"
"28931267";"35849481";"3947"
"28933225";"35853639";"2802"
"28985761";"35874711";"4706"
"28988034";"35877197";"3707"
"28990581";"35880170";"4682"
"28990553";"35880193";"2826"
"29098215";"35895900";"3758"
"29207714";"35948988";"3668"
"29216507";"35960918";"4024"
"29219498";"35963129";"4706"
"29285398";"35981876";"2859"
"29288238";"35986049";"2826"
"29295912";"35995930";"2831"
"29295774";"35996820";"3639"
"29299962";"36001434";"3629"
"29351457";"36012556";"2859"
"29359561";"36020494";"4706"
"29362636";"36023208";"2797"
"29363656";"36025288";"4721"
"29432669";"36049747";"2860"
"29435457";"36052926";"4706"
"29443606";"36062167";"3805"
"29443375";"36062764";"2814"
"29527534";"36095459";"3693"
"29535031";"36106086";"4715"
"29729695";"36204206";"4690"
"29767571";"36220586";"2859"
"29782960";"36241529";"4576"
"29785521";"36246019";"4945"
"29786454";"36247703";"2831"
"29908363";"36309176";"4671"
