"tender_id";"tenderMain_id";"weight";"hide";"createTime"
"3898966";"3887152";"666";"1";"0000-00-00 00:00:00"
"3971438";"3948516";"666";"1";"0000-00-00 00:00:00"
"4963650";"4921414";"666";"1";"0000-00-00 00:00:00"
"6161222";"6123211";"666";"1";"0000-00-00 00:00:00"
"6168024";"6120782";"666";"1";"0000-00-00 00:00:00"
"6783633";"6709537";"666";"1";"0000-00-00 00:00:00"
"6795369";"6720296";"666";"1";"0000-00-00 00:00:00"
"7041555";"6963147";"666";"1";"0000-00-00 00:00:00"
"7150502";"7111863";"666";"1";"0000-00-00 00:00:00"
"7366750";"7343329";"666";"1";"0000-00-00 00:00:00"
"7439384";"7426893";"666";"1";"0000-00-00 00:00:00"
"7460925";"7426893";"666";"1";"0000-00-00 00:00:00"
"7650738";"7623540";"666";"1";"0000-00-00 00:00:00"
"7687554";"7674328";"666";"1";"0000-00-00 00:00:00"
"7806474";"7787954";"666";"1";"0000-00-00 00:00:00"
"7876676";"7866430";"666";"1";"0000-00-00 00:00:00"
"8200306";"8187364";"666";"1";"0000-00-00 00:00:00"
"8305124";"8290717";"666";"1";"0000-00-00 00:00:00"
"8311458";"8255249";"666";"1";"0000-00-00 00:00:00"
"8351770";"8339903";"666";"1";"0000-00-00 00:00:00"
"8364874";"8318529";"666";"1";"0000-00-00 00:00:00"
"8365569";"8318529";"666";"1";"0000-00-00 00:00:00"
"8579127";"8544286";"666";"1";"0000-00-00 00:00:00"
"8594450";"8576648";"666";"1";"0000-00-00 00:00:00"
"8594451";"8576313";"666";"1";"0000-00-00 00:00:00"
"8620161";"8581798";"666";"1";"0000-00-00 00:00:00"
"8790179";"8735410";"666";"1";"0000-00-00 00:00:00"
"8835036";"8821447";"666";"1";"0000-00-00 00:00:00"
"9010904";"8996601";"666";"1";"0000-00-00 00:00:00"
"9047812";"9015754";"666";"1";"0000-00-00 00:00:00"
"9162462";"9096798";"666";"1";"0000-00-00 00:00:00"
"9238900";"9195607";"666";"1";"0000-00-00 00:00:00"
"9398781";"9330500";"666";"1";"0000-00-00 00:00:00"
"9579563";"9562604";"666";"1";"0000-00-00 00:00:00"
"9648724";"9619617";"666";"1";"0000-00-00 00:00:00"
"9818604";"9785012";"666";"1";"0000-00-00 00:00:00"
"9874788";"9808401";"666";"1";"0000-00-00 00:00:00"
"9937047";"9921686";"666";"1";"0000-00-00 00:00:00"
"10017859";"10015574";"666";"1";"0000-00-00 00:00:00"
"10070420";"10062239";"666";"1";"0000-00-00 00:00:00"
"10154629";"10147744";"666";"1";"0000-00-00 00:00:00"
"10195815";"10189281";"666";"1";"0000-00-00 00:00:00"
"10195816";"10189282";"666";"1";"0000-00-00 00:00:00"
"10201796";"10189284";"666";"1";"0000-00-00 00:00:00"
"10201797";"10189285";"666";"1";"0000-00-00 00:00:00"
"10201799";"10189287";"666";"1";"0000-00-00 00:00:00"
"10202794";"10189353";"666";"1";"0000-00-00 00:00:00"
"10204751";"10189289";"666";"1";"0000-00-00 00:00:00"
"10204752";"10189291";"666";"1";"0000-00-00 00:00:00"
"10350343";"10306853";"666";"1";"0000-00-00 00:00:00"
"10376532";"10276356";"666";"1";"0000-00-00 00:00:00"
"10448747";"10417235";"666";"1";"0000-00-00 00:00:00"
"10534847";"10479260";"666";"1";"0000-00-00 00:00:00"
"10534849";"10479222";"666";"1";"0000-00-00 00:00:00"
"10542551";"10516068";"666";"1";"0000-00-00 00:00:00"
"10661096";"10622982";"666";"1";"0000-00-00 00:00:00"
"10720277";"10701310";"666";"1";"0000-00-00 00:00:00"
"10902271";"10846731";"666";"1";"0000-00-00 00:00:00"
"10974122";"10946202";"666";"1";"0000-00-00 00:00:00"
"11025127";"11024019";"666";"1";"0000-00-00 00:00:00"
"11052430";"11038116";"666";"1";"0000-00-00 00:00:00"
"11142668";"11112795";"666";"1";"0000-00-00 00:00:00"
"11342800";"11316660";"666";"1";"0000-00-00 00:00:00"
"11397831";"11385991";"666";"1";"0000-00-00 00:00:00"
"11401040";"11377977";"666";"1";"0000-00-00 00:00:00"
"11401043";"11377987";"666";"1";"0000-00-00 00:00:00"
"11407062";"11403158";"666";"1";"0000-00-00 00:00:00"
"11418121";"11377987";"666";"1";"0000-00-00 00:00:00"
"11418129";"11369574";"666";"1";"0000-00-00 00:00:00"
"11420309";"11401431";"666";"1";"0000-00-00 00:00:00"
"11420843";"11377990";"666";"1";"0000-00-00 00:00:00"
"11422843";"11377977";"666";"1";"0000-00-00 00:00:00"
"11422851";"11369591";"666";"1";"0000-00-00 00:00:00"
"11422854";"11369600";"666";"1";"0000-00-00 00:00:00"
"11422855";"11369601";"666";"1";"0000-00-00 00:00:00"
"11497146";"11479891";"666";"1";"0000-00-00 00:00:00"
"11660881";"11651047";"666";"1";"0000-00-00 00:00:00"
"11797894";"11784201";"666";"1";"0000-00-00 00:00:00"
"12023401";"11989197";"666";"1";"0000-00-00 00:00:00"
"12101486";"12076759";"666";"1";"0000-00-00 00:00:00"
"12131457";"12114637";"666";"1";"0000-00-00 00:00:00"
"12234290";"12164605";"666";"1";"0000-00-00 00:00:00"
"12292112";"12284892";"666";"1";"0000-00-00 00:00:00"
"12416145";"12361033";"666";"1";"0000-00-00 00:00:00"
"12439604";"12401279";"666";"1";"0000-00-00 00:00:00"
"12440143";"12391575";"666";"1";"0000-00-00 00:00:00"
"12524371";"12484526";"666";"1";"0000-00-00 00:00:00"
"12541968";"12525793";"666";"1";"0000-00-00 00:00:00"
"12555536";"12499495";"666";"1";"0000-00-00 00:00:00"
"12620464";"12620388";"666";"1";"0000-00-00 00:00:00"
"12769136";"12714041";"666";"1";"0000-00-00 00:00:00"
"12769137";"12714042";"666";"1";"0000-00-00 00:00:00"
"12770020";"12764403";"666";"1";"0000-00-00 00:00:00"
"12772757";"12706090";"666";"1";"0000-00-00 00:00:00"
"12955651";"12909453";"666";"1";"0000-00-00 00:00:00"
"12976184";"12969853";"666";"1";"0000-00-00 00:00:00"
"12987872";"12969853";"666";"1";"0000-00-00 00:00:00"
"13023695";"13017258";"666";"1";"0000-00-00 00:00:00"
"13072747";"12972082";"666";"1";"0000-00-00 00:00:00"
"13092687";"12945062";"666";"1";"0000-00-00 00:00:00"
"13128594";"13067515";"666";"1";"0000-00-00 00:00:00"
"13147472";"12960749";"666";"1";"0000-00-00 00:00:00"
"13164205";"13064515";"666";"1";"0000-00-00 00:00:00"
"13164229";"12974633";"666";"1";"0000-00-00 00:00:00"
"13164230";"12976515";"666";"1";"0000-00-00 00:00:00"
"13164231";"13033876";"666";"1";"0000-00-00 00:00:00"
"13164232";"13033427";"666";"1";"0000-00-00 00:00:00"
"13185736";"13092607";"666";"1";"0000-00-00 00:00:00"
"13185748";"13066358";"666";"1";"0000-00-00 00:00:00"
"13185749";"13066359";"666";"1";"0000-00-00 00:00:00"
"13185750";"13066364";"666";"1";"0000-00-00 00:00:00"
"13193977";"13179337";"666";"1";"0000-00-00 00:00:00"
"13198944";"13054491";"666";"1";"0000-00-00 00:00:00"
"13198945";"13054495";"666";"1";"0000-00-00 00:00:00"
"13203822";"12988436";"666";"1";"0000-00-00 00:00:00"
"13205049";"13193615";"666";"1";"0000-00-00 00:00:00"
"13216584";"12988436";"666";"1";"0000-00-00 00:00:00"
"13225165";"13143276";"666";"1";"0000-00-00 00:00:00"
"13230080";"13033876";"666";"1";"0000-00-00 00:00:00"
"13230081";"13033427";"666";"1";"0000-00-00 00:00:00"
"13233019";"12960749";"666";"1";"0000-00-00 00:00:00"
"13237743";"13154956";"666";"1";"0000-00-00 00:00:00"
"13245670";"13092607";"666";"1";"0000-00-00 00:00:00"
"13249333";"13218132";"666";"1";"0000-00-00 00:00:00"
"13251727";"13216343";"666";"1";"0000-00-00 00:00:00"
"13251935";"12977580";"666";"1";"0000-00-00 00:00:00"
"13263741";"13084605";"666";"1";"0000-00-00 00:00:00"
"13264653";"13084604";"666";"1";"0000-00-00 00:00:00"
"13303560";"13220626";"666";"1";"0000-00-00 00:00:00"
"13309813";"13106171";"666";"1";"0000-00-00 00:00:00"
"13313261";"13270354";"666";"1";"0000-00-00 00:00:00"
"13331161";"13183617";"666";"1";"0000-00-00 00:00:00"
"13331275";"13189949";"666";"1";"0000-00-00 00:00:00"
"13331276";"13187038";"666";"1";"0000-00-00 00:00:00"
"13331523";"13188341";"666";"1";"0000-00-00 00:00:00"
"13369106";"13309893";"666";"1";"0000-00-00 00:00:00"
"13388740";"13251824";"666";"1";"0000-00-00 00:00:00"
"13433610";"13416606";"666";"1";"0000-00-00 00:00:00"
"13518353";"13497043";"666";"1";"0000-00-00 00:00:00"
"13538632";"13321663";"666";"1";"0000-00-00 00:00:00"
"13538845";"13274242";"666";"1";"0000-00-00 00:00:00"
"13595810";"13536204";"666";"1";"0000-00-00 00:00:00"
"13595811";"13536225";"666";"1";"0000-00-00 00:00:00"
"13611268";"12610802";"666";"1";"0000-00-00 00:00:00"
"13632594";"13464015";"666";"1";"0000-00-00 00:00:00"
"13638910";"13588794";"666";"1";"0000-00-00 00:00:00"
"13666778";"13092607";"666";"1";"0000-00-00 00:00:00"
"13685737";"13606394";"666";"1";"0000-00-00 00:00:00"
"13690689";"12610802";"666";"1";"0000-00-00 00:00:00"
"13692162";"13681063";"666";"1";"0000-00-00 00:00:00"
"13694262";"12610802";"666";"1";"0000-00-00 00:00:00"
"13777582";"13694418";"666";"1";"0000-00-00 00:00:00"
"13782929";"12610802";"666";"1";"0000-00-00 00:00:00"
"13817620";"13774832";"666";"1";"0000-00-00 00:00:00"
"13829174";"13704063";"666";"1";"0000-00-00 00:00:00"
"13843435";"13815592";"666";"1";"0000-00-00 00:00:00"
"13843436";"13811954";"666";"1";"0000-00-00 00:00:00"
"13843438";"13796631";"666";"1";"0000-00-00 00:00:00"
"13905947";"13809112";"666";"1";"0000-00-00 00:00:00"
"13912494";"13524966";"666";"1";"0000-00-00 00:00:00"
"14010936";"14005726";"666";"1";"0000-00-00 00:00:00"
"14016406";"13799179";"666";"1";"0000-00-00 00:00:00"
"14031756";"14018015";"666";"1";"0000-00-00 00:00:00"
"14127347";"14121690";"666";"1";"0000-00-00 00:00:00"
"14127393";"13945412";"666";"1";"0000-00-00 00:00:00"
"14129770";"14053872";"666";"1";"0000-00-00 00:00:00"
"14142220";"13906340";"666";"1";"0000-00-00 00:00:00"
"14181422";"14169982";"666";"1";"0000-00-00 00:00:00"
"14227210";"14050919";"666";"1";"0000-00-00 00:00:00"
"14245232";"14217163";"666";"1";"0000-00-00 00:00:00"
"14249878";"14169982";"666";"1";"0000-00-00 00:00:00"
"14292586";"14142279";"666";"1";"0000-00-00 00:00:00"
"14313651";"14240720";"666";"1";"0000-00-00 00:00:00"
"14315928";"14133011";"666";"1";"0000-00-00 00:00:00"
"14332541";"13321663";"666";"1";"0000-00-00 00:00:00"
"14377656";"14311048";"666";"1";"0000-00-00 00:00:00"
"14393594";"14164569";"666";"1";"0000-00-00 00:00:00"
"14416433";"14332274";"666";"1";"0000-00-00 00:00:00"
"14423109";"14355714";"666";"1";"0000-00-00 00:00:00"
"14429434";"14420289";"666";"1";"0000-00-00 00:00:00"
"14447135";"14355714";"666";"1";"0000-00-00 00:00:00"
"14538486";"14453750";"666";"1";"0000-00-00 00:00:00"
"14558833";"14164569";"666";"1";"0000-00-00 00:00:00"
"14575293";"14311048";"666";"1";"0000-00-00 00:00:00"
"14586502";"14164569";"666";"1";"0000-00-00 00:00:00"
"14673019";"14603117";"666";"1";"0000-00-00 00:00:00"
"14675749";"14667973";"666";"1";"0000-00-00 00:00:00"
"14722730";"14510197";"666";"1";"0000-00-00 00:00:00"
"14742208";"14686202";"666";"1";"0000-00-00 00:00:00"
"14754264";"14620329";"666";"1";"0000-00-00 00:00:00"
"14762406";"14591367";"666";"1";"0000-00-00 00:00:00"
"14770830";"14691640";"666";"1";"0000-00-00 00:00:00"
"14937771";"14903813";"666";"1";"0000-00-00 00:00:00"
"14941308";"14915043";"666";"1";"0000-00-00 00:00:00"
"14950094";"14831571";"666";"1";"0000-00-00 00:00:00"
"14954858";"14689918";"666";"1";"0000-00-00 00:00:00"
"14956433";"14689288";"666";"1";"0000-00-00 00:00:00"
"14956437";"14689290";"666";"1";"0000-00-00 00:00:00"
"14975505";"14689952";"666";"1";"0000-00-00 00:00:00"
"14988229";"14920408";"666";"1";"0000-00-00 00:00:00"
"14988231";"14903813";"666";"1";"0000-00-00 00:00:00"
"15013920";"14728528";"666";"1";"0000-00-00 00:00:00"
"15013922";"14728531";"666";"1";"0000-00-00 00:00:00"
"15027437";"14728528";"666";"1";"0000-00-00 00:00:00"
"15027439";"14728531";"666";"1";"0000-00-00 00:00:00"
"15037333";"15031211";"666";"1";"0000-00-00 00:00:00"
"15108450";"14591367";"666";"1";"0000-00-00 00:00:00"
"15119066";"14762337";"666";"1";"0000-00-00 00:00:00"
"15120358";"15107817";"666";"1";"0000-00-00 00:00:00"
"15137025";"14728528";"666";"1";"0000-00-00 00:00:00"
"15137029";"14728531";"666";"1";"0000-00-00 00:00:00"
"15176117";"14746771";"666";"1";"0000-00-00 00:00:00"
"15200501";"14745812";"666";"1";"0000-00-00 00:00:00"
"15200509";"14689952";"666";"1";"0000-00-00 00:00:00"
"15200520";"14689918";"666";"1";"0000-00-00 00:00:00"
"15200529";"14689288";"666";"1";"0000-00-00 00:00:00"
"15200530";"14689290";"666";"1";"0000-00-00 00:00:00"
"15223325";"14776961";"666";"1";"0000-00-00 00:00:00"
"15296023";"14831571";"666";"1";"0000-00-00 00:00:00"
"15333211";"14762337";"666";"1";"0000-00-00 00:00:00"
"15375060";"15347798";"666";"1";"0000-00-00 00:00:00"
"15400934";"14745812";"666";"1";"0000-00-00 00:00:00"
"15402768";"14689952";"666";"1";"0000-00-00 00:00:00"
"16028649";"14762337";"666";"1";"0000-00-00 00:00:00"
"16069240";"14689952";"666";"1";"0000-00-00 00:00:00"
"16083973";"15230979";"666";"1";"0000-00-00 00:00:00"
"16097225";"16042013";"666";"1";"0000-00-00 00:00:00"
"16097227";"16035135";"666";"1";"0000-00-00 00:00:00"
"16110388";"15350670";"666";"1";"0000-00-00 00:00:00"
"16126052";"15433877";"666";"1";"0000-00-00 00:00:00"
"16128678";"16045588";"666";"1";"0000-00-00 00:00:00"
"16141622";"16120089";"666";"1";"0000-00-00 00:00:00"
"16169552";"16090943";"666";"1";"0000-00-00 00:00:00"
"16176461";"15338772";"666";"1";"0000-00-00 00:00:00"
"16182021";"16045588";"666";"1";"0000-00-00 00:00:00"
"16183039";"16045588";"666";"1";"0000-00-00 00:00:00"
"16185403";"16120089";"666";"1";"0000-00-00 00:00:00"
"16188442";"16116364";"666";"1";"0000-00-00 00:00:00"
"16291797";"16116088";"666";"1";"0000-00-00 00:00:00"
"16295324";"16130481";"666";"1";"0000-00-00 00:00:00"
"16295326";"16094096";"666";"1";"0000-00-00 00:00:00"
"16295369";"16090924";"666";"1";"0000-00-00 00:00:00"
"16295371";"16042013";"666";"1";"0000-00-00 00:00:00"
"16295372";"16035135";"666";"1";"0000-00-00 00:00:00"
"16304684";"14728528";"666";"1";"0000-00-00 00:00:00"
"16304697";"14728531";"666";"1";"0000-00-00 00:00:00"
"16308718";"16094096";"666";"1";"0000-00-00 00:00:00"
"16345534";"14728528";"666";"1";"0000-00-00 00:00:00"
"16345535";"14728531";"666";"1";"0000-00-00 00:00:00"
"16376686";"16116088";"666";"1";"0000-00-00 00:00:00"
"16378386";"16294624";"666";"1";"0000-00-00 00:00:00"
"16447631";"16116088";"666";"1";"0000-00-00 00:00:00"
"16447632";"16094096";"666";"1";"0000-00-00 00:00:00"
"16448509";"16090924";"666";"1";"0000-00-00 00:00:00"
"16448662";"16377223";"666";"1";"0000-00-00 00:00:00"
"16451356";"16130481";"666";"1";"0000-00-00 00:00:00"
"16472310";"16042013";"666";"1";"0000-00-00 00:00:00"
"16472311";"16035135";"666";"1";"0000-00-00 00:00:00"
"16484121";"14591367";"666";"1";"0000-00-00 00:00:00"
"16519012";"16116088";"666";"1";"0000-00-00 00:00:00"
"16691824";"16535779";"666";"1";"0000-00-00 00:00:00"
"16691826";"16532140";"666";"1";"0000-00-00 00:00:00"
"16691827";"16532142";"666";"1";"0000-00-00 00:00:00"
"16713619";"16595530";"666";"1";"0000-00-00 00:00:00"
"16717645";"16508865";"666";"1";"0000-00-00 00:00:00"
"16717646";"16508867";"666";"1";"0000-00-00 00:00:00"
"16717647";"16508329";"666";"1";"0000-00-00 00:00:00"
"16717648";"16507377";"666";"1";"0000-00-00 00:00:00"
"16773341";"16521786";"666";"1";"0000-00-00 00:00:00"
"16773343";"16521789";"666";"1";"0000-00-00 00:00:00"
"16778976";"16045588";"666";"1";"0000-00-00 00:00:00"
"16855795";"16130481";"666";"1";"0000-00-00 00:00:00"
"16855798";"16116088";"666";"1";"0000-00-00 00:00:00"
"16866942";"16090924";"666";"1";"0000-00-00 00:00:00"
"16866944";"16042013";"666";"1";"0000-00-00 00:00:00"
"16866945";"16035135";"666";"1";"0000-00-00 00:00:00"
"16876963";"16094096";"666";"1";"0000-00-00 00:00:00"
"16879395";"16773595";"666";"1";"0000-00-00 00:00:00"
"16903491";"16800686";"666";"1";"0000-00-00 00:00:00"
"16907594";"16045588";"666";"1";"0000-00-00 00:00:00"
"16941936";"16773595";"666";"1";"0000-00-00 00:00:00"
"16991509";"16377223";"666";"1";"0000-00-00 00:00:00"
"16996353";"16890706";"666";"1";"0000-00-00 00:00:00"
"16996886";"16035135";"666";"1";"0000-00-00 00:00:00"
"17014590";"16911770";"666";"1";"0000-00-00 00:00:00"
"17014591";"16911771";"666";"1";"0000-00-00 00:00:00"
"17014644";"16521786";"666";"1";"0000-00-00 00:00:00"
"17014646";"16521789";"666";"1";"0000-00-00 00:00:00"
"17056926";"16991225";"666";"1";"0000-00-00 00:00:00"
"17064422";"17010756";"666";"1";"0000-00-00 00:00:00"
"17066648";"17002851";"666";"1";"0000-00-00 00:00:00"
"17075986";"17073931";"666";"1";"0000-00-00 00:00:00"
"17085534";"16521786";"666";"1";"0000-00-00 00:00:00"
"17085536";"16521789";"666";"1";"0000-00-00 00:00:00"
"17085538";"14689952";"666";"1";"0000-00-00 00:00:00"
"17090203";"14762337";"666";"1";"0000-00-00 00:00:00"
"17090343";"16991225";"666";"1";"0000-00-00 00:00:00"
"17106992";"17073929";"666";"1";"0000-00-00 00:00:00"
"17111018";"17049505";"666";"1";"0000-00-00 00:00:00"
"17111023";"17043919";"666";"1";"0000-00-00 00:00:00"
"17118595";"17049482";"666";"1";"0000-00-00 00:00:00"
"17118605";"17043885";"666";"1";"0000-00-00 00:00:00"
"17121062";"17002851";"666";"1";"0000-00-00 00:00:00"
"17139227";"16991225";"666";"1";"0000-00-00 00:00:00"
"17153292";"16991225";"666";"1";"0000-00-00 00:00:00"
"17169241";"17043919";"666";"1";"0000-00-00 00:00:00"
"17180158";"17049482";"666";"1";"0000-00-00 00:00:00"
"17187956";"17085172";"666";"1";"0000-00-00 00:00:00"
"17191412";"17072598";"666";"1";"0000-00-00 00:00:00"
"17191415";"17049505";"666";"1";"0000-00-00 00:00:00"
"17191417";"17043885";"666";"1";"0000-00-00 00:00:00"
"17196694";"16090943";"666";"1";"0000-00-00 00:00:00"
"17212481";"16991225";"666";"1";"0000-00-00 00:00:00"
"17216149";"17074356";"666";"1";"0000-00-00 00:00:00"
"17234904";"17074356";"666";"1";"0000-00-00 00:00:00"
"17243023";"17074356";"666";"1";"0000-00-00 00:00:00"
"17255163";"17225000";"666";"1";"0000-00-00 00:00:00"
"17256226";"17246967";"666";"1";"0000-00-00 00:00:00"
"17275278";"16130481";"666";"1";"0000-00-00 00:00:00"
"17275281";"16116088";"666";"1";"0000-00-00 00:00:00"
"17275282";"16094096";"666";"1";"0000-00-00 00:00:00"
"17275786";"16090924";"666";"1";"0000-00-00 00:00:00"
"17275790";"16042013";"666";"1";"0000-00-00 00:00:00"
"17275791";"16035135";"666";"1";"0000-00-00 00:00:00"
"17286457";"17067444";"666";"1";"0000-00-00 00:00:00"
"17301183";"17143071";"666";"1";"0000-00-00 00:00:00"
"17301184";"17143078";"666";"1";"0000-00-00 00:00:00"
"17301185";"17143080";"666";"1";"0000-00-00 00:00:00"
"17343214";"17059523";"666";"1";"0000-00-00 00:00:00"
"17346800";"16757318";"666";"1";"0000-00-00 00:00:00"
"17400097";"17246967";"666";"1";"0000-00-00 00:00:00"
"17415321";"17246967";"666";"1";"0000-00-00 00:00:00"
"17430121";"17372045";"666";"1";"0000-00-00 00:00:00"
"17486249";"17143096";"666";"1";"0000-00-00 00:00:00"
"17489664";"17485695";"666";"1";"0000-00-00 00:00:00"
"17499235";"17450357";"666";"1";"0000-00-00 00:00:00"
"17502186";"17482246";"666";"1";"0000-00-00 00:00:00"
"17541720";"17059523";"666";"1";"0000-00-00 00:00:00"
"17543014";"17482246";"666";"1";"0000-00-00 00:00:00"
"17556055";"17485695";"666";"1";"0000-00-00 00:00:00"
"17570099";"17557138";"666";"1";"0000-00-00 00:00:00"
"17573860";"17561860";"666";"1";"0000-00-00 00:00:00"
"17587315";"16800686";"666";"1";"0000-00-00 00:00:00"
"17587329";"16090924";"666";"1";"0000-00-00 00:00:00"
"17591548";"17059523";"666";"1";"0000-00-00 00:00:00"
"17602107";"16130481";"666";"1";"0000-00-00 00:00:00"
"17602110";"16116088";"666";"1";"0000-00-00 00:00:00"
"17602111";"16094096";"666";"1";"0000-00-00 00:00:00"
"17602423";"16042013";"666";"1";"0000-00-00 00:00:00"
"17602424";"16035135";"666";"1";"0000-00-00 00:00:00"
"17615367";"17537689";"666";"1";"0000-00-00 00:00:00"
"17697701";"17653795";"666";"1";"0000-00-00 00:00:00"
"17699706";"17662105";"666";"1";"0000-00-00 00:00:00"
"17712478";"17689710";"666";"1";"0000-00-00 00:00:00"
"17715296";"17686920";"666";"1";"0000-00-00 00:00:00"
"17717474";"17686920";"666";"1";"0000-00-00 00:00:00"
"17717475";"17689710";"666";"1";"0000-00-00 00:00:00"
"17717485";"17677324";"666";"1";"0000-00-00 00:00:00"
"17717498";"17677860";"666";"1";"0000-00-00 00:00:00"
"17717499";"17677862";"666";"1";"0000-00-00 00:00:00"
"17772616";"17757533";"666";"1";"0000-00-00 00:00:00"
"17772621";"17753815";"666";"1";"0000-00-00 00:00:00"
"17815707";"17792237";"666";"1";"0000-00-00 00:00:00"
"17828296";"17792473";"666";"1";"0000-00-00 00:00:00"
"17892889";"17876680";"666";"1";"0000-00-00 00:00:00"
"17955010";"17919475";"666";"1";"0000-00-00 00:00:00"
"17955463";"17929033";"666";"1";"0000-00-00 00:00:00"
"17955464";"17929034";"666";"1";"0000-00-00 00:00:00"
"17973785";"17936243";"666";"1";"0000-00-00 00:00:00"
"18465594";"18404131";"666";"1";"0000-00-00 00:00:00"
"18569449";"18512148";"666";"1";"0000-00-00 00:00:00"
"18764741";"18759835";"666";"1";"0000-00-00 00:00:00"
"18774481";"18372988";"666";"1";"0000-00-00 00:00:00"
"18776405";"18105176";"666";"1";"0000-00-00 00:00:00"
"18839967";"18748981";"666";"1";"0000-00-00 00:00:00"
"18842759";"18420153";"666";"1";"0000-00-00 00:00:00"
"18873957";"18844179";"666";"1";"0000-00-00 00:00:00"
"18897481";"18068509";"666";"1";"0000-00-00 00:00:00"
"18988874";"18015818";"666";"1";"0000-00-00 00:00:00"
"19057441";"18015818";"666";"1";"0000-00-00 00:00:00"
"19091052";"18518825";"666";"1";"0000-00-00 00:00:00"
"19091053";"18512148";"666";"1";"0000-00-00 00:00:00"
"19193154";"18971361";"666";"1";"0000-00-00 00:00:00"
"19317276";"18434952";"666";"1";"0000-00-00 00:00:00"
"19317553";"18161067";"666";"1";"0000-00-00 00:00:00"
"20133290";"20102746";"666";"1";"0000-00-00 00:00:00"
"20327825";"20061887";"666";"1";"0000-00-00 00:00:00"
"20327826";"20152830";"666";"1";"0000-00-00 00:00:00"
"20354338";"20292538";"666";"1";"0000-00-00 00:00:00"
"20389686";"19289252";"666";"1";"0000-00-00 00:00:00"
"20389694";"20277209";"666";"1";"0000-00-00 00:00:00"
"20447327";"20277209";"666";"1";"0000-00-00 00:00:00"
"20477972";"20364353";"666";"1";"0000-00-00 00:00:00"
"20501335";"20371122";"666";"1";"0000-00-00 00:00:00"
"20640397";"22051086";"666";"1";"0000-00-00 00:00:00"
"20672028";"20515984";"666";"1";"0000-00-00 00:00:00"
"20747790";"20723784";"666";"1";"0000-00-00 00:00:00"
"20829641";"20825725";"666";"1";"0000-00-00 00:00:00"
"20853042";"20652408";"666";"1";"0000-00-00 00:00:00"
"20929930";"20918390";"666";"1";"0000-00-00 00:00:00"
"20931920";"22051086";"666";"1";"0000-00-00 00:00:00"
"20967703";"20918390";"666";"1";"0000-00-00 00:00:00"
"20978494";"22051086";"666";"1";"0000-00-00 00:00:00"
"21045665";"20985798";"666";"1";"0000-00-00 00:00:00"
"21045684";"20998885";"666";"1";"0000-00-00 00:00:00"
"21052501";"22051086";"666";"1";"0000-00-00 00:00:00"
"21190720";"21040999";"666";"1";"0000-00-00 00:00:00"
"21260526";"21040999";"666";"1";"0000-00-00 00:00:00"
"21303129";"21245949";"666";"1";"0000-00-00 00:00:00"
"21355411";"21073972";"666";"1";"0000-00-00 00:00:00"
"21366838";"21347315";"666";"1";"0000-00-00 00:00:00"
"21387152";"21345933";"666";"1";"0000-00-00 00:00:00"
"21444104";"21147215";"666";"1";"0000-00-00 00:00:00"
"21474712";"23003141";"666";"1";"0000-00-00 00:00:00"
"21474714";"23003139";"666";"1";"0000-00-00 00:00:00"
"21474715";"23003144";"666";"1";"0000-00-00 00:00:00"
"21475335";"23003142";"666";"1";"0000-00-00 00:00:00"
"21475337";"23003145";"666";"1";"0000-00-00 00:00:00"
"21475342";"23003140";"666";"1";"0000-00-00 00:00:00"
"21475346";"23003146";"666";"1";"0000-00-00 00:00:00"
"21499765";"23003150";"666";"1";"0000-00-00 00:00:00"
"21507104";"21504433";"666";"1";"0000-00-00 00:00:00"
"21509678";"21504433";"666";"1";"0000-00-00 00:00:00"
"21525201";"21427141";"666";"1";"0000-00-00 00:00:00"
"21525954";"21147215";"666";"1";"0000-00-00 00:00:00"
"21526679";"21515505";"666";"1";"0000-00-00 00:00:00"
"21578476";"21364945";"666";"1";"0000-00-00 00:00:00"
"21583085";"21359113";"666";"1";"0000-00-00 00:00:00"
"21705368";"22402320";"999";"1";"0000-00-00 00:00:00"
"21724657";"21636570";"666";"1";"0000-00-00 00:00:00"
"21749810";"22890791";"666";"1";"0000-00-00 00:00:00"
"21763631";"21373952";"666";"1";"0000-00-00 00:00:00"
"21774848";"22192978";"666";"1";"0000-00-00 00:00:00"
"21788626";"21788518";"666";"1";"0000-00-00 00:00:00"
"21788628";"21783832";"666";"1";"0000-00-00 00:00:00"
"21788721";"21783467";"666";"1";"0000-00-00 00:00:00"
"21831860";"21768321";"666";"1";"0000-00-00 00:00:00"
"21835682";"21805158";"666";"1";"0000-00-00 00:00:00"
"21841415";"21788518";"666";"1";"0000-00-00 00:00:00"
"21843744";"22658990";"999";"1";"0000-00-00 00:00:00"
"21844478";"21747775";"666";"1";"0000-00-00 00:00:00"
"21850959";"22208001";"666";"1";"0000-00-00 00:00:00"
"21916832";"22192978";"666";"1";"0000-00-00 00:00:00"
"21916835";"22658990";"666";"1";"0000-00-00 00:00:00"
"21949349";"21147215";"666";"1";"0000-00-00 00:00:00"
"21949352";"22051086";"666";"1";"0000-00-00 00:00:00"
"21984214";"22658990";"666";"1";"0000-00-00 00:00:00"
"22026902";"22051086";"666";"1";"0000-00-00 00:00:00"
"22051857";"22208001";"666";"1";"0000-00-00 00:00:00"
"22073899";"22658990";"999";"1";"0000-00-00 00:00:00"
"22076028";"22158191";"666";"1";"0000-00-00 00:00:00"
"22114029";"22208001";"666";"1";"0000-00-00 00:00:00"
"22127185";"22285954";"666";"1";"0000-00-00 00:00:00"
"22192977";"22658990";"999";"1";"0000-00-00 00:00:00"
"22227466";"22246616";"666";"1";"0000-00-00 00:00:00"
"22246503";"22658990";"999";"1";"0000-00-00 00:00:00"
"22250200";"22256919";"666";"1";"0000-00-00 00:00:00"
"22258853";"22496256";"999";"1";"0000-00-00 00:00:00"
"22446459";"22456137";"999";"1";"0000-00-00 00:00:00"
"22446477";"22478242";"999";"1";"0000-00-00 00:00:00"
"22450007";"22456137";"999";"1";"0000-00-00 00:00:00"
"22450066";"22456240";"999";"1";"0000-00-00 00:00:00"
"22497031";"22658990";"999";"1";"0000-00-00 00:00:00"
"22560384";"22949618";"666";"1";"0000-00-00 00:00:00"
"22624004";"22658990";"666";"1";"0000-00-00 00:00:00"
"22645100";"22661182";"666";"1";"0000-00-00 00:00:00"
"22645125";"22661178";"666";"1";"0000-00-00 00:00:00"
"22741357";"22808458";"666";"1";"0000-00-00 00:00:00"
"22846627";"22871941";"666";"1";"0000-00-00 00:00:00"
"22909555";"22960886";"666";"1";"0000-00-00 00:00:00"
"23049510";"23089797";"666";"1";"0000-00-00 00:00:00"
"23078859";"23091527";"666";"1";"0000-00-00 00:00:00"
"23081924";"23109866";"666";"1";"0000-00-00 00:00:00"
"28143624";"28140842";"888";"1";"0000-00-00 00:00:00"
"28143636";"28143552";"888";"1";"0000-00-00 00:00:00"
"28143683";"28139490";"777";"1";"0000-00-00 00:00:00"
"28145803";"28120764";"777";"1";"0000-00-00 00:00:00"
"28145943";"28121016";"777";"1";"0000-00-00 00:00:00"
"28146419";"28119534";"777";"1";"0000-00-00 00:00:00"
"28146763";"28111888";"888";"1";"0000-00-00 00:00:00"
"28147376";"28093675";"888";"1";"0000-00-00 00:00:00"
"28147460";"28095430";"777";"1";"0000-00-00 00:00:00"
"28147558";"28090851";"888";"1";"0000-00-00 00:00:00"
"28148253";"28078815";"888";"1";"0000-00-00 00:00:00"
"28148385";"28074335";"888";"1";"0000-00-00 00:00:00"
"28148400";"28070454";"888";"1";"0000-00-00 00:00:00"
"28148523";"28069119";"888";"1";"0000-00-00 00:00:00"
"28148615";"28060563";"777";"1";"0000-00-00 00:00:00"
"28148624";"28060430";"777";"1";"0000-00-00 00:00:00"
"28148737";"28055510";"777";"1";"0000-00-00 00:00:00"
"28148826";"28045989";"888";"1";"0000-00-00 00:00:00"
"28149043";"28048822";"777";"1";"0000-00-00 00:00:00"
"28149047";"28045919";"888";"1";"0000-00-00 00:00:00"
"28157050";"28155993";"888";"1";"0000-00-00 00:00:00"
"28157318";"28155323";"888";"1";"0000-00-00 00:00:00"
"28158686";"28159538";"777";"1";"0000-00-00 00:00:00"
"28162010";"28163803";"777";"1";"0000-00-00 00:00:00"
"28165034";"28165355";"888";"1";"0000-00-00 00:00:00"
"28165724";"28165396";"888";"1";"0000-00-00 00:00:00"
"28167649";"28167910";"888";"1";"0000-00-00 00:00:00"
"28187515";"28188805";"888";"1";"0000-00-00 00:00:00"
"28192815";"28191894";"888";"1";"0000-00-00 00:00:00"
"28202335";"28204115";"888";"1";"0000-00-00 00:00:00"
"28202342";"28204122";"888";"1";"0000-00-00 00:00:00"
"28207473";"28203098";"777";"1";"0000-00-00 00:00:00"
"28296077";"28285304";"888";"1";"0000-00-00 00:00:00"
"28296122";"28285052";"888";"1";"0000-00-00 00:00:00"
"28303982";"28302665";"777";"1";"0000-00-00 00:00:00"
"28304252";"28280900";"777";"1";"0000-00-00 00:00:00"
"28311139";"28309361";"888";"1";"0000-00-00 00:00:00"
"28311780";"28304964";"777";"1";"0000-00-00 00:00:00"
"28312099";"28266646";"777";"1";"0000-00-00 00:00:00"
"28312117";"28266830";"777";"1";"0000-00-00 00:00:00"
"28312127";"28266862";"777";"1";"0000-00-00 00:00:00"
"28312313";"28253201";"777";"1";"0000-00-00 00:00:00"
"28312506";"28244367";"777";"1";"0000-00-00 00:00:00"
"28316943";"28318082";"888";"1";"0000-00-00 00:00:00"
"28319859";"28329953";"777";"1";"0000-00-00 00:00:00"
"28322158";"28329606";"888";"1";"0000-00-00 00:00:00"
"28324388";"28333464";"777";"1";"0000-00-00 00:00:00"
"28325200";"28324895";"888";"1";"0000-00-00 00:00:00"
"28354051";"28346517";"777";"1";"0000-00-00 00:00:00"
"28356842";"28356862";"888";"1";"0000-00-00 00:00:00"
"28393588";"28390516";"777";"1";"0000-00-00 00:00:00"
"28395304";"28401749";"777";"1";"0000-00-00 00:00:00"
"28400004";"28379529";"777";"1";"0000-00-00 00:00:00"
"28400656";"28376753";"777";"1";"0000-00-00 00:00:00"
"28404064";"28363475";"777";"1";"0000-00-00 00:00:00"
"28404695";"28360121";"777";"1";"0000-00-00 00:00:00"
"28406051";"28404988";"777";"1";"0000-00-00 00:00:00"
"28406469";"28406309";"777";"1";"0000-00-00 00:00:00"
"28411919";"28412469";"777";"1";"0000-00-00 00:00:00"
"28423315";"28430828";"777";"1";"0000-00-00 00:00:00"
"28426332";"28425657";"777";"1";"0000-00-00 00:00:00"
"28429906";"28434525";"777";"1";"0000-00-00 00:00:00"
"28453885";"28455367";"777";"1";"0000-00-00 00:00:00"
"28455925";"28469168";"777";"1";"0000-00-00 00:00:00"
"28464016";"28464635";"777";"1";"0000-00-00 00:00:00"
"28475770";"28427866";"777";"1";"0000-00-00 00:00:00"
"28498087";"28497586";"777";"1";"0000-00-00 00:00:00"
"28504973";"28507612";"777";"1";"0000-00-00 00:00:00"
"28510239";"28515168";"777";"1";"0000-00-00 00:00:00"
"28510289";"28508734";"777";"1";"0000-00-00 00:00:00"
"28514600";"28511228";"777";"1";"0000-00-00 00:00:00"
"28515798";"28516458";"777";"1";"0000-00-00 00:00:00"
"28530201";"28536951";"777";"1";"0000-00-00 00:00:00"
"28548358";"28549512";"777";"1";"0000-00-00 00:00:00"
"28548611";"28549492";"777";"1";"0000-00-00 00:00:00"
"28548613";"28534585";"777";"1";"0000-00-00 00:00:00"
"28558120";"28554494";"777";"1";"0000-00-00 00:00:00"
"28566654";"28568249";"777";"1";"0000-00-00 00:00:00"
"28567096";"28568681";"777";"1";"0000-00-00 00:00:00"
"28582054";"28581979";"777";"1";"0000-00-00 00:00:00"
"28610578";"28613927";"777";"1";"0000-00-00 00:00:00"
"28646799";"28645643";"777";"1";"0000-00-00 00:00:00"
"28682823";"28683490";"777";"1";"0000-00-00 00:00:00"
"28689076";"28689683";"777";"1";"0000-00-00 00:00:00"
"28689089";"28689783";"777";"1";"0000-00-00 00:00:00"
"28704372";"28703012";"777";"1";"0000-00-00 00:00:00"
"28707586";"28706061";"777";"1";"0000-00-00 00:00:00"
"28716342";"28719471";"777";"1";"0000-00-00 00:00:00"
"28726621";"28726342";"777";"1";"0000-00-00 00:00:00"
"28726652";"28725747";"777";"1";"0000-00-00 00:00:00"
"28748344";"28751842";"777";"1";"0000-00-00 00:00:00"
"28758482";"28734467";"777";"1";"0000-00-00 00:00:00"
"28768036";"28768860";"777";"1";"0000-00-00 00:00:00"
"28769835";"28770488";"777";"1";"0000-00-00 00:00:00"
"28779860";"28779528";"777";"1";"0000-00-00 00:00:00"
"28791692";"28789492";"777";"1";"0000-00-00 00:00:00"
"28805135";"28806682";"777";"1";"0000-00-00 00:00:00"
"28812082";"28812702";"777";"1";"0000-00-00 00:00:00"
"28815964";"28824850";"777";"1";"0000-00-00 00:00:00"
"28817155";"28818752";"777";"1";"0000-00-00 00:00:00"
"28824374";"28826726";"777";"1";"0000-00-00 00:00:00"
"28832023";"28829801";"777";"1";"0000-00-00 00:00:00"
"28845461";"28846235";"777";"1";"0000-00-00 00:00:00"
"28845534";"28846666";"777";"1";"0000-00-00 00:00:00"
"28850460";"28853431";"777";"1";"0000-00-00 00:00:00"
"28853289";"28851800";"777";"1";"0000-00-00 00:00:00"
"28856001";"28860633";"777";"1";"0000-00-00 00:00:00"
"28861147";"28872303";"777";"1";"0000-00-00 00:00:00"
"28861285";"28865251";"777";"1";"0000-00-00 00:00:00"
"28865445";"28866597";"777";"1";"0000-00-00 00:00:00"
"28865515";"28867363";"777";"1";"0000-00-00 00:00:00"
"28865579";"28872218";"777";"1";"0000-00-00 00:00:00"
"28879491";"28879825";"777";"1";"0000-00-00 00:00:00"
"28896461";"28903926";"777";"1";"0000-00-00 00:00:00"
"28897377";"28904203";"777";"1";"0000-00-00 00:00:00"
"28897592";"28904300";"777";"1";"0000-00-00 00:00:00"
"28898227";"28908622";"777";"1";"0000-00-00 00:00:00"
"28902090";"28908342";"777";"1";"0000-00-00 00:00:00"
"28902169";"28903831";"777";"1";"0000-00-00 00:00:00"
"28902351";"28900361";"777";"1";"0000-00-00 00:00:00"
"28904939";"28907993";"777";"1";"0000-00-00 00:00:00"
"28928624";"28943540";"777";"1";"0000-00-00 00:00:00"
"28976712";"28972454";"777";"1";"0000-00-00 00:00:00"
"28977269";"28974504";"777";"1";"0000-00-00 00:00:00"
"28977898";"28972627";"777";"1";"0000-00-00 00:00:00"
"28979105";"28979526";"777";"1";"0000-00-00 00:00:00"
"28985572";"28985323";"777";"1";"0000-00-00 00:00:00"
"28988858";"28988750";"777";"1";"0000-00-00 00:00:00"
"28994295";"29000565";"777";"1";"0000-00-00 00:00:00"
"29006218";"29007176";"777";"1";"0000-00-00 00:00:00"
"29025934";"29023282";"777";"1";"0000-00-00 00:00:00"
"29026014";"29023289";"777";"1";"0000-00-00 00:00:00"
"29055864";"29059040";"777";"1";"0000-00-00 00:00:00"
"29059317";"29058813";"777";"1";"0000-00-00 00:00:00"
"29070726";"29072317";"777";"1";"0000-00-00 00:00:00"
"29070843";"29069734";"777";"1";"0000-00-00 00:00:00"
"29072456";"29071698";"777";"1";"0000-00-00 00:00:00"
"29072469";"29071726";"777";"1";"0000-00-00 00:00:00"
"29078051";"29078461";"777";"1";"0000-00-00 00:00:00"
"29102916";"29107110";"777";"1";"0000-00-00 00:00:00"
"29104569";"29109892";"777";"1";"0000-00-00 00:00:00"
"29110507";"29111743";"777";"1";"0000-00-00 00:00:00"
"29133728";"29136540";"777";"1";"0000-00-00 00:00:00"
"29133868";"29134636";"777";"1";"0000-00-00 00:00:00"
"29134035";"29133355";"777";"1";"0000-00-00 00:00:00"
"29138331";"29147174";"777";"1";"0000-00-00 00:00:00"
"29151192";"29152068";"777";"1";"0000-00-00 00:00:00"
"29159742";"29161827";"777";"1";"0000-00-00 00:00:00"
"29172968";"29173018";"777";"1";"0000-00-00 00:00:00"
"29179614";"29180539";"777";"1";"0000-00-00 00:00:00"
"29190281";"29187631";"777";"1";"0000-00-00 00:00:00"
"29191266";"29191390";"777";"1";"0000-00-00 00:00:00"
"29195054";"29196638";"777";"1";"0000-00-00 00:00:00"
"29219026";"29219216";"777";"1";"0000-00-00 00:00:00"
"29224330";"29223514";"777";"1";"0000-00-00 00:00:00"
"29252330";"29254359";"777";"1";"0000-00-00 00:00:00"
"29252354";"29254447";"777";"1";"0000-00-00 00:00:00"
"29252523";"29250444";"777";"1";"0000-00-00 00:00:00"
"29252579";"29254643";"777";"1";"0000-00-00 00:00:00"
"29256711";"29255920";"777";"1";"0000-00-00 00:00:00"
"29259002";"29258078";"777";"1";"0000-00-00 00:00:00"
"29279914";"29280191";"777";"1";"0000-00-00 00:00:00"
"29286811";"29285846";"777";"1";"0000-00-00 00:00:00"
"29294312";"29295873";"777";"1";"0000-00-00 00:00:00"
"29297516";"29297392";"777";"1";"0000-00-00 00:00:00"
"29300500";"29301131";"777";"1";"0000-00-00 00:00:00"
"29300528";"29301222";"777";"1";"0000-00-00 00:00:00"
"29302221";"29303019";"777";"1";"0000-00-00 00:00:00"
"29307227";"29307625";"777";"1";"0000-00-00 00:00:00"
"29325884";"29327230";"777";"1";"0000-00-00 00:00:00"
"29325889";"29330386";"777";"1";"0000-00-00 00:00:00"
"29326042";"29326720";"777";"1";"0000-00-00 00:00:00"
"29326236";"29325345";"777";"1";"0000-00-00 00:00:00"
"29353532";"29353582";"777";"1";"0000-00-00 00:00:00"
"29353535";"29353479";"777";"1";"0000-00-00 00:00:00"
"29353875";"29353819";"777";"1";"0000-00-00 00:00:00"
"29353880";"29353630";"777";"1";"0000-00-00 00:00:00"
"29354470";"29354572";"777";"1";"0000-00-00 00:00:00"
"29354473";"29354340";"777";"1";"0000-00-00 00:00:00"
"29369091";"29367105";"777";"1";"0000-00-00 00:00:00"
"29371918";"29372090";"777";"1";"0000-00-00 00:00:00"
"29379086";"29382327";"777";"1";"0000-00-00 00:00:00"
"29383069";"29386995";"777";"1";"0000-00-00 00:00:00"
"29383203";"29386834";"777";"1";"0000-00-00 00:00:00"
"29383704";"29381589";"777";"1";"0000-00-00 00:00:00"
"29383756";"29383497";"777";"1";"0000-00-00 00:00:00"
"29385590";"29386160";"777";"1";"0000-00-00 00:00:00"
"29394688";"29394800";"777";"1";"0000-00-00 00:00:00"
"29396581";"29397340";"777";"1";"0000-00-00 00:00:00"
"29398264";"29399787";"777";"1";"0000-00-00 00:00:00"
"29398270";"29399788";"777";"1";"0000-00-00 00:00:00"
"29398301";"29397889";"777";"1";"0000-00-00 00:00:00"
"29398317";"29397893";"777";"1";"0000-00-00 00:00:00"
"29398323";"29397315";"777";"1";"0000-00-00 00:00:00"
"29400735";"29399778";"777";"1";"0000-00-00 00:00:00"
"29413619";"29411730";"888";"1";"0000-00-00 00:00:00"
"29421010";"29420072";"777";"1";"0000-00-00 00:00:00"
"29443018";"29448537";"777";"1";"0000-00-00 00:00:00"
"29443120";"29444359";"777";"1";"0000-00-00 00:00:00"
"29459517";"29458249";"777";"1";"0000-00-00 00:00:00"
"29459601";"29459277";"777";"1";"0000-00-00 00:00:00"
"29478371";"29478718";"777";"1";"0000-00-00 00:00:00"
"29492888";"29494517";"777";"1";"0000-00-00 00:00:00"
"29497245";"29497457";"777";"1";"0000-00-00 00:00:00"
"29511143";"29510458";"777";"1";"0000-00-00 00:00:00"
"29530105";"29525278";"777";"1";"0000-00-00 00:00:00"
"29580367";"29580383";"777";"1";"0000-00-00 00:00:00"
"29591690";"29590247";"777";"1";"0000-00-00 00:00:00"
"29591720";"29587786";"777";"1";"0000-00-00 00:00:00"
"29602396";"29600878";"777";"1";"0000-00-00 00:00:00"
"29624514";"29622739";"777";"1";"0000-00-00 00:00:00"
"29653799";"29654978";"777";"1";"0000-00-00 00:00:00"
"29656158";"29661484";"777";"1";"0000-00-00 00:00:00"
"29693466";"29694076";"777";"1";"0000-00-00 00:00:00"
"29708634";"29707640";"777";"1";"0000-00-00 00:00:00"
"29710086";"29711370";"777";"1";"0000-00-00 00:00:00"
"29724146";"29724958";"777";"1";"0000-00-00 00:00:00"
"29757390";"29757816";"777";"1";"0000-00-00 00:00:00"
"29783605";"29784732";"777";"1";"0000-00-00 00:00:00"
"29788222";"29787285";"777";"1";"0000-00-00 00:00:00"
"29818550";"29822264";"777";"1";"0000-00-00 00:00:00"
"29855059";"29859021";"777";"1";"0000-00-00 00:00:00"
"29855063";"29859091";"777";"1";"0000-00-00 00:00:00"
"29859577";"29862226";"777";"1";"0000-00-00 00:00:00"
"29875324";"29887046";"777";"1";"0000-00-00 00:00:00"
"29875327";"29874161";"777";"1";"0000-00-00 00:00:00"
"29875472";"29887015";"777";"1";"0000-00-00 00:00:00"
"29901380";"29903730";"777";"1";"0000-00-00 00:00:00"
"29910124";"29912683";"777";"1";"0000-00-00 00:00:00"
"29938526";"29938352";"777";"1";"0000-00-00 00:00:00"
"29953774";"29957637";"777";"1";"0000-00-00 00:00:00"
"29960170";"29962374";"777";"1";"0000-00-00 00:00:00"
"29970343";"29971694";"777";"1";"0000-00-00 00:00:00"
"29973588";"29976765";"777";"1";"0000-00-00 00:00:00"
"29977171";"29976176";"888";"1";"0000-00-00 00:00:00"
"29979053";"29980708";"777";"1";"0000-00-00 00:00:00"
"29979775";"29980732";"777";"1";"0000-00-00 00:00:00"
"29979782";"29980739";"777";"1";"0000-00-00 00:00:00"
"29998875";"30029993";"777";"1";"0000-00-00 00:00:00"
"29999352";"30000444";"777";"1";"0000-00-00 00:00:00"
"30001396";"30002525";"777";"1";"0000-00-00 00:00:00"
"30001672";"30001636";"777";"1";"0000-00-00 00:00:00"
"30005428";"30006697";"777";"1";"0000-00-00 00:00:00"
"30015806";"30017114";"777";"1";"0000-00-00 00:00:00"
"30015923";"30017757";"777";"1";"0000-00-00 00:00:00"
"30016037";"30013967";"777";"1";"0000-00-00 00:00:00"
"30033775";"30034242";"777";"1";"0000-00-00 00:00:00"
"30044444";"30043592";"777";"1";"0000-00-00 00:00:00"
"30051649";"30051759";"777";"1";"0000-00-00 00:00:00"
"30051711";"30051042";"777";"1";"0000-00-00 00:00:00"
"30052655";"30052777";"777";"1";"0000-00-00 00:00:00"
"30053131";"30053056";"777";"1";"0000-00-00 00:00:00"
"30155366";"30159219";"777";"1";"0000-00-00 00:00:00"
"30158129";"30158999";"777";"1";"0000-00-00 00:00:00"
"30173375";"30177758";"777";"1";"0000-00-00 00:00:00"
"30183735";"30182432";"777";"1";"0000-00-00 00:00:00"
"30206002";"30211382";"777";"1";"0000-00-00 00:00:00"
"30232190";"30245881";"777";"1";"0000-00-00 00:00:00"
"30233980";"30242890";"777";"1";"0000-00-00 00:00:00"
"30263317";"30266225";"777";"1";"0000-00-00 00:00:00"
"30264015";"30243537";"777";"1";"0000-00-00 00:00:00"
"30275551";"30293657";"777";"1";"0000-00-00 00:00:00"
"30283517";"30295615";"777";"1";"0000-00-00 00:00:00"
"30291429";"30295676";"777";"1";"0000-00-00 00:00:00"
"30335104";"30344237";"777";"1";"0000-00-00 00:00:00"
"30340457";"30357780";"777";"1";"0000-00-00 00:00:00"
"30340609";"30342085";"777";"1";"0000-00-00 00:00:00"
"30340830";"30339985";"777";"1";"0000-00-00 00:00:00"
"30349970";"30356754";"777";"1";"0000-00-00 00:00:00"
"30359023";"30355894";"777";"1";"0000-00-00 00:00:00"
"30388003";"30401867";"777";"1";"0000-00-00 00:00:00"
"30393163";"30398986";"777";"1";"0000-00-00 00:00:00"
"30395823";"30397302";"777";"1";"0000-00-00 00:00:00"
"30430686";"30438606";"777";"1";"0000-00-00 00:00:00"
"30446736";"30447446";"777";"1";"0000-00-00 00:00:00"
"30460752";"30473556";"777";"1";"0000-00-00 00:00:00"
"30463486";"30472467";"777";"1";"0000-00-00 00:00:00"
"30463514";"30472481";"777";"1";"0000-00-00 00:00:00"
"30480313";"30480060";"777";"1";"0000-00-00 00:00:00"
"30488453";"30493789";"777";"1";"0000-00-00 00:00:00"
"30506459";"30510908";"777";"1";"0000-00-00 00:00:00"
"30543021";"30554217";"888";"1";"0000-00-00 00:00:00"
"30543033";"30551447";"888";"1";"0000-00-00 00:00:00"
"30581939";"30598470";"777";"1";"0000-00-00 00:00:00"
"30584482";"30598040";"777";"1";"0000-00-00 00:00:00"
"30584487";"30603133";"777";"1";"0000-00-00 00:00:00"
"30586203";"30595236";"777";"1";"0000-00-00 00:00:00"
"30592211";"30603717";"777";"1";"0000-00-00 00:00:00"
"30614209";"30637226";"777";"1";"0000-00-00 00:00:00"
"30623388";"30635319";"777";"1";"0000-00-00 00:00:00"
"30630239";"30634639";"777";"1";"0000-00-00 00:00:00"
"30649330";"30667339";"777";"1";"0000-00-00 00:00:00"
"30649357";"30667346";"777";"1";"0000-00-00 00:00:00"
"30662897";"30666450";"777";"1";"0000-00-00 00:00:00"
"30675066";"30684801";"777";"1";"0000-00-00 00:00:00"
"30710045";"30731442";"777";"1";"0000-00-00 00:00:00"
"30711820";"30730040";"777";"1";"0000-00-00 00:00:00"
"30719509";"30721234";"777";"1";"0000-00-00 00:00:00"
"30720415";"30719964";"777";"1";"0000-00-00 00:00:00"
"30724575";"30732307";"777";"1";"0000-00-00 00:00:00"
"30746890";"30780756";"777";"1";"0000-00-00 00:00:00"
"30751350";"30764326";"777";"1";"0000-00-00 00:00:00"
"30751720";"30764670";"777";"1";"0000-00-00 00:00:00"
"30756693";"30776862";"777";"1";"0000-00-00 00:00:00"
"30757862";"30774791";"777";"1";"0000-00-00 00:00:00"
"30761570";"30775552";"777";"1";"0000-00-00 00:00:00"
"30791136";"30818443";"777";"1";"0000-00-00 00:00:00"
"30800561";"30802735";"777";"1";"0000-00-00 00:00:00"
"30805149";"30808259";"777";"1";"0000-00-00 00:00:00"
"30806203";"30813508";"777";"1";"0000-00-00 00:00:00"
"30806215";"30807629";"777";"1";"0000-00-00 00:00:00"
"30826520";"30838968";"777";"1";"0000-00-00 00:00:00"
"30826691";"30826097";"777";"1";"0000-00-00 00:00:00"
"30833635";"30846851";"777";"1";"0000-00-00 00:00:00"
"30841481";"30846243";"777";"1";"0000-00-00 00:00:00"
"30842438";"30844177";"777";"1";"0000-00-00 00:00:00"
"30842628";"30844903";"777";"1";"0000-00-00 00:00:00"
"30855747";"30858051";"777";"1";"0000-00-00 00:00:00"
"30870325";"30875330";"777";"1";"0000-00-00 00:00:00"
"30872895";"30874503";"777";"1";"0000-00-00 00:00:00"
"30891004";"30916141";"777";"1";"0000-00-00 00:00:00"
"30902055";"30923972";"777";"1";"0000-00-00 00:00:00"
"30903695";"30923102";"777";"1";"0000-00-00 00:00:00"
"30906677";"30914141";"777";"1";"0000-00-00 00:00:00"
"30935981";"30956899";"777";"1";"0000-00-00 00:00:00"
"30956289";"30961395";"777";"1";"0000-00-00 00:00:00"
"30959482";"30963897";"777";"1";"0000-00-00 00:00:00"
"30971633";"30994422";"777";"1";"0000-00-00 00:00:00"
"30975534";"30991570";"777";"1";"0000-00-00 00:00:00"
"30982417";"30987535";"777";"1";"0000-00-00 00:00:00"
"31003046";"31020802";"777";"1";"0000-00-00 00:00:00"
"31004255";"30988528";"777";"1";"0000-00-00 00:00:00"
"31004634";"30988660";"777";"1";"0000-00-00 00:00:00"
"31005687";"30995171";"777";"1";"0000-00-00 00:00:00"
"31036789";"31060136";"777";"1";"0000-00-00 00:00:00"
"31041110";"31050892";"777";"1";"0000-00-00 00:00:00"
"31041202";"31057262";"777";"1";"0000-00-00 00:00:00"
"31043438";"31056900";"777";"1";"0000-00-00 00:00:00"
"31043483";"31053698";"777";"1";"0000-00-00 00:00:00"
"31065423";"31082228";"777";"1";"0000-00-00 00:00:00"
"31070937";"31094718";"777";"1";"0000-00-00 00:00:00"
"31074437";"31090661";"777";"1";"0000-00-00 00:00:00"
"31078573";"31092991";"777";"1";"0000-00-00 00:00:00"
"31079145";"31097415";"777";"1";"0000-00-00 00:00:00"
"31079528";"31093673";"777";"1";"0000-00-00 00:00:00"
"31080664";"31088969";"777";"1";"0000-00-00 00:00:00"
"31126850";"31143054";"777";"1";"0000-00-00 00:00:00"
"31127009";"31142519";"777";"1";"0000-00-00 00:00:00"
"31131779";"31146438";"777";"1";"0000-00-00 00:00:00"
"31131860";"31146503";"777";"1";"0000-00-00 00:00:00"
"31147884";"31133108";"777";"1";"0000-00-00 00:00:00"
"31156039";"31184396";"777";"1";"0000-00-00 00:00:00"
"31163383";"31182782";"777";"1";"0000-00-00 00:00:00"
"31169872";"31179337";"777";"1";"0000-00-00 00:00:00"
"31171603";"31179202";"777";"1";"0000-00-00 00:00:00"
"31195720";"31206437";"777";"1";"0000-00-00 00:00:00"
"31195853";"31226025";"777";"1";"0000-00-00 00:00:00"
"31207778";"31215247";"777";"1";"0000-00-00 00:00:00"
"31208368";"31214709";"777";"1";"0000-00-00 00:00:00"
"31209326";"31214021";"777";"1";"0000-00-00 00:00:00"
"31230370";"31357358";"777";"1";"0000-00-00 00:00:00"
"31231730";"31264185";"777";"1";"0000-00-00 00:00:00"
"31237248";"31255365";"777";"1";"0000-00-00 00:00:00"
"31240339";"31248868";"777";"1";"0000-00-00 00:00:00"
"31240356";"31248367";"777";"1";"0000-00-00 00:00:00"
"31240365";"31257060";"777";"1";"0000-00-00 00:00:00"
"31252650";"31252909";"777";"1";"0000-00-00 00:00:00"
"31252657";"31252912";"777";"1";"0000-00-00 00:00:00"
"31275839";"31275559";"777";"1";"0000-00-00 00:00:00"
"31284352";"31301277";"777";"1";"0000-00-00 00:00:00"
"31286506";"31297847";"777";"1";"0000-00-00 00:00:00"
"31290791";"31295226";"777";"1";"0000-00-00 00:00:00"
"31290833";"31303274";"777";"1";"0000-00-00 00:00:00"
"31290871";"31295562";"777";"1";"0000-00-00 00:00:00"
"31290897";"31293956";"777";"1";"0000-00-00 00:00:00"
"31291965";"31294065";"777";"1";"0000-00-00 00:00:00"
"31307122";"31304421";"777";"1";"0000-00-00 00:00:00"
"31307216";"31303400";"777";"1";"0000-00-00 00:00:00"
"31307410";"31304675";"777";"1";"0000-00-00 00:00:00"
"31317672";"31318291";"777";"1";"0000-00-00 00:00:00"
"31318337";"31318286";"777";"1";"0000-00-00 00:00:00"
"31320648";"31320350";"777";"1";"0000-00-00 00:00:00"
"31345450";"31346471";"777";"1";"0000-00-00 00:00:00"
"31345493";"31346607";"777";"1";"0000-00-00 00:00:00"
"31345814";"31346771";"777";"1";"0000-00-00 00:00:00"
"31347924";"31351252";"777";"1";"0000-00-00 00:00:00"
"31354195";"31354295";"777";"1";"0000-00-00 00:00:00"
"31355946";"31340928";"777";"1";"0000-00-00 00:00:00"
"31368088";"31369426";"777";"1";"0000-00-00 00:00:00"
"31412565";"31416361";"777";"1";"0000-00-00 00:00:00"
"31432829";"31433679";"777";"1";"0000-00-00 00:00:00"
"31435306";"31435767";"777";"1";"0000-00-00 00:00:00"
"31437582";"31437482";"777";"1";"0000-00-00 00:00:00"
"31439991";"31438991";"777";"1";"0000-00-00 00:00:00"
"31440008";"31438847";"888";"1";"0000-00-00 00:00:00"
"31446931";"31446813";"777";"1";"0000-00-00 00:00:00"
"31456825";"31456784";"777";"1";"0000-00-00 00:00:00"
"31462397";"31462024";"777";"1";"0000-00-00 00:00:00"
"31465874";"31467702";"777";"1";"0000-00-00 00:00:00"
"31466795";"31468400";"777";"1";"0000-00-00 00:00:00"
"31466896";"31470374";"777";"1";"0000-00-00 00:00:00"
"31474731";"31476535";"777";"1";"0000-00-00 00:00:00"
"31481488";"31478000";"777";"1";"0000-00-00 00:00:00"
"31498310";"31496875";"777";"1";"0000-00-00 00:00:00"
"31503121";"31505013";"777";"1";"0000-00-00 00:00:00"
"31503979";"31501688";"777";"1";"0000-00-00 00:00:00"
"31504273";"31503668";"777";"1";"0000-00-00 00:00:00"
"31504343";"31498762";"777";"1";"0000-00-00 00:00:00"
"31510412";"31509444";"777";"1";"0000-00-00 00:00:00"
"31514805";"31514215";"777";"1";"0000-00-00 00:00:00"
"31518958";"31515400";"777";"1";"0000-00-00 00:00:00"
"31521966";"31521008";"777";"1";"0000-00-00 00:00:00"
"31529965";"31530440";"777";"1";"0000-00-00 00:00:00"
"31529976";"31529813";"777";"1";"0000-00-00 00:00:00"
"31534331";"31534698";"777";"1";"0000-00-00 00:00:00"
"31548634";"31550929";"777";"1";"0000-00-00 00:00:00"
"31556633";"31557433";"777";"1";"0000-00-00 00:00:00"
"31556660";"31558697";"777";"1";"0000-00-00 00:00:00"
"31558155";"31558632";"777";"1";"0000-00-00 00:00:00"
"31566544";"31566663";"888";"1";"0000-00-00 00:00:00"
"31584215";"31584988";"777";"1";"0000-00-00 00:00:00"
"31584287";"31585011";"777";"1";"0000-00-00 00:00:00"
"31584439";"31585031";"777";"1";"0000-00-00 00:00:00"
"31591672";"31589698";"777";"1";"0000-00-00 00:00:00"
"31605027";"31605096";"777";"1";"0000-00-00 00:00:00"
"31605222";"31605212";"777";"1";"0000-00-00 00:00:00"
"31617823";"31614695";"777";"1";"0000-00-00 00:00:00"
"31623170";"31623653";"777";"1";"0000-00-00 00:00:00"
"31641956";"31639474";"777";"1";"0000-00-00 00:00:00"
"31642469";"31639558";"777";"1";"0000-00-00 00:00:00"
"31643300";"31636899";"777";"1";"0000-00-00 00:00:00"
"31649253";"31649368";"777";"1";"0000-00-00 00:00:00"
"31655521";"31655108";"777";"1";"0000-00-00 00:00:00"
"31660196";"31660786";"777";"1";"0000-00-00 00:00:00"
"31670597";"31672772";"777";"1";"0000-00-00 00:00:00"
"31673043";"31669298";"777";"1";"0000-00-00 00:00:00"
"31678634";"31676750";"777";"1";"0000-00-00 00:00:00"
"31700007";"31695117";"777";"1";"0000-00-00 00:00:00"
"31701667";"31692535";"777";"1";"0000-00-00 00:00:00"
"31705230";"31706715";"777";"1";"0000-00-00 00:00:00"
"31707120";"31707367";"777";"1";"0000-00-00 00:00:00"
"31711931";"31711916";"777";"1";"0000-00-00 00:00:00"
"31717834";"31718185";"777";"1";"0000-00-00 00:00:00"
"31736385";"31736991";"777";"1";"0000-00-00 00:00:00"
"31738673";"31737898";"777";"1";"0000-00-00 00:00:00"
"31739054";"31733339";"777";"1";"0000-00-00 00:00:00"
"31744932";"31745778";"777";"1";"0000-00-00 00:00:00"
"31744944";"31744718";"777";"1";"0000-00-00 00:00:00"
"31745367";"31745448";"777";"1";"0000-00-00 00:00:00"
"31751504";"31751326";"777";"1";"0000-00-00 00:00:00"
"31753516";"31754500";"777";"1";"0000-00-00 00:00:00"
"31757490";"31760697";"777";"1";"0000-00-00 00:00:00"
"31758731";"31760591";"777";"1";"0000-00-00 00:00:00"
"31758807";"31773381";"777";"1";"0000-00-00 00:00:00"
"31762737";"31772479";"777";"1";"0000-00-00 00:00:00"
"31763002";"31772835";"777";"1";"0000-00-00 00:00:00"
"31763098";"31759190";"777";"1";"0000-00-00 00:00:00"
"31767299";"31765930";"777";"1";"0000-00-00 00:00:00"
"31767419";"31765715";"777";"1";"0000-00-00 00:00:00"
"31776386";"31776709";"777";"1";"0000-00-00 00:00:00"
"31776429";"31776720";"777";"1";"0000-00-00 00:00:00"
"31776435";"31776722";"777";"1";"0000-00-00 00:00:00"
"31776518";"31775970";"777";"1";"0000-00-00 00:00:00"
"31785813";"31785712";"777";"1";"0000-00-00 00:00:00"
"31789128";"31791580";"777";"1";"0000-00-00 00:00:00"
"31789393";"31788848";"777";"1";"0000-00-00 00:00:00"
"31795119";"31808431";"777";"1";"0000-00-00 00:00:00"
"31795199";"31800205";"777";"1";"0000-00-00 00:00:00"
"31800606";"31800604";"777";"1";"0000-00-00 00:00:00"
"31803795";"31804628";"777";"1";"0000-00-00 00:00:00"
"31825565";"31827220";"777";"1";"0000-00-00 00:00:00"
"31828307";"31824409";"777";"1";"0000-00-00 00:00:00"
"31842244";"31839057";"777";"1";"0000-00-00 00:00:00"
"31842315";"31838942";"777";"1";"0000-00-00 00:00:00"
"31843045";"31834262";"777";"1";"0000-00-00 00:00:00"
"31852502";"31853928";"777";"1";"0000-00-00 00:00:00"
"31860539";"31858851";"777";"1";"0000-00-00 00:00:00"
"31866311";"31867169";"777";"1";"0000-00-00 00:00:00"
"31867017";"31867187";"777";"1";"0000-00-00 00:00:00"
"31868774";"31865269";"777";"1";"0000-00-00 00:00:00"
"31871055";"31869898";"777";"1";"0000-00-00 00:00:00"
"31897384";"31898565";"777";"1";"0000-00-00 00:00:00"
"31897458";"31895979";"777";"1";"0000-00-00 00:00:00"
"31898649";"31893380";"777";"1";"0000-00-00 00:00:00"
"31899289";"31896677";"777";"1";"0000-00-00 00:00:00"
"31905655";"31905164";"777";"1";"0000-00-00 00:00:00"
"31909326";"31907188";"777";"1";"0000-00-00 00:00:00"
"31915808";"31912127";"777";"1";"0000-00-00 00:00:00"
"31921480";"31917119";"777";"1";"0000-00-00 00:00:00"
"31921993";"31918570";"777";"1";"0000-00-00 00:00:00"
"31925455";"31912691";"777";"1";"0000-00-00 00:00:00"
"31930605";"31925372";"777";"1";"0000-00-00 00:00:00"
"31930666";"31927518";"777";"1";"0000-00-00 00:00:00"
"31931037";"31918760";"777";"1";"0000-00-00 00:00:00"
"31954145";"31973635";"777";"1";"0000-00-00 00:00:00"
"31954888";"31988467";"777";"1";"0000-00-00 00:00:00"
"31954954";"31988463";"777";"1";"0000-00-00 00:00:00"
"31960347";"31968807";"777";"1";"0000-00-00 00:00:00"
"31960843";"31970024";"777";"1";"0000-00-00 00:00:00"
"31961158";"31971489";"777";"1";"0000-00-00 00:00:00"
"31984562";"32024031";"777";"1";"0000-00-00 00:00:00"
"31988305";"32006162";"777";"1";"0000-00-00 00:00:00"
"31988570";"32052179";"777";"1";"0000-00-00 00:00:00"
"31988624";"32052227";"777";"1";"0000-00-00 00:00:00"
"31989483";"32052505";"777";"1";"0000-00-00 00:00:00"
"31993027";"32009884";"777";"1";"0000-00-00 00:00:00"
"31993204";"32010184";"777";"1";"0000-00-00 00:00:00"
"31993542";"32014063";"777";"1";"0000-00-00 00:00:00"
"31995023";"32051282";"777";"1";"0000-00-00 00:00:00"
"31995111";"32051974";"777";"1";"0000-00-00 00:00:00"
"31995509";"32007410";"777";"1";"0000-00-00 00:00:00"
"32022315";"32042075";"777";"1";"0000-00-00 00:00:00"
"32054236";"32066066";"777";"1";"0000-00-00 00:00:00"
"32058579";"32064834";"777";"1";"0000-00-00 00:00:00"
"32058612";"32064841";"777";"1";"0000-00-00 00:00:00"
"32058630";"32064847";"777";"1";"0000-00-00 00:00:00"
"32059050";"32064757";"777";"1";"0000-00-00 00:00:00"
"32059129";"32064802";"777";"1";"0000-00-00 00:00:00"
"32090475";"32088964";"888";"1";"0000-00-00 00:00:00"
"32090599";"32089190";"888";"1";"0000-00-00 00:00:00"
"32114018";"32113686";"888";"1";"0000-00-00 00:00:00"
"32117968";"32116854";"777";"1";"0000-00-00 00:00:00"
"32123467";"32119995";"777";"1";"0000-00-00 00:00:00"
"32130239";"32126355";"777";"1";"0000-00-00 00:00:00"
"32130992";"32124954";"777";"1";"0000-00-00 00:00:00"
"32131078";"32124659";"777";"1";"0000-00-00 00:00:00"
"32134189";"32131705";"777";"1";"0000-00-00 00:00:00"
"32134641";"32132234";"777";"1";"0000-00-00 00:00:00"
"32134921";"32130426";"777";"1";"0000-00-00 00:00:00"
"32146768";"32147200";"777";"1";"0000-00-00 00:00:00"
"32163378";"32165593";"777";"1";"0000-00-00 00:00:00"
"32165707";"32160958";"888";"1";"0000-00-00 00:00:00"
"32188101";"32196143";"777";"1";"0000-00-00 00:00:00"
"32189119";"32196159";"777";"1";"0000-00-00 00:00:00"
"32189776";"32186048";"777";"1";"0000-00-00 00:00:00"
"32193265";"32192155";"777";"1";"0000-00-00 00:00:00"
"32194579";"32192189";"777";"1";"0000-00-00 00:00:00"
"32221177";"32222433";"777";"1";"0000-00-00 00:00:00"
"32224562";"32217023";"777";"1";"0000-00-00 00:00:00"
"32225574";"32226308";"777";"1";"0000-00-00 00:00:00"
"32225583";"32226310";"777";"1";"0000-00-00 00:00:00"
"32243455";"32244616";"777";"1";"0000-00-00 00:00:00"
"32243585";"32244711";"777";"1";"0000-00-00 00:00:00"
"32243606";"32242256";"777";"1";"0000-00-00 00:00:00"
"32249938";"32247659";"777";"1";"0000-00-00 00:00:00"
"32250061";"32247500";"777";"1";"0000-00-00 00:00:00"
"32250261";"32247737";"777";"1";"0000-00-00 00:00:00"
"32266397";"32266060";"777";"1";"0000-00-00 00:00:00"
"32291932";"32290617";"777";"1";"0000-00-00 00:00:00"
"32292230";"32288059";"777";"1";"0000-00-00 00:00:00"
"32296315";"32298077";"777";"1";"0000-00-00 00:00:00"
"32296357";"32296661";"777";"1";"0000-00-00 00:00:00"
"32312328";"32314319";"777";"1";"0000-00-00 00:00:00"
"32318257";"32315947";"777";"1";"0000-00-00 00:00:00"
"32330882";"32333189";"777";"1";"0000-00-00 00:00:00"
"32344047";"32340300";"777";"1";"0000-00-00 00:00:00"
"32345090";"32341577";"777";"1";"0000-00-00 00:00:00"
"32345612";"32341836";"777";"1";"0000-00-00 00:00:00"
"32357886";"32359643";"777";"1";"0000-00-00 00:00:00"
"32379775";"32379965";"777";"1";"0000-00-00 00:00:00"
"32389407";"32385594";"777";"1";"0000-00-00 00:00:00"
"32389429";"32385603";"777";"1";"0000-00-00 00:00:00"
"32389474";"32385615";"777";"1";"0000-00-00 00:00:00"
"32392145";"32382144";"777";"1";"0000-00-00 00:00:00"
"32413369";"32420024";"777";"1";"2015-04-20 09:10:56"
"32414343";"32417490";"777";"1";"2015-04-20 07:23:49"
"32416315";"32416895";"777";"1";"2015-04-20 07:11:10"
"32428089";"32427380";"777";"1";"2015-04-20 12:08:24"
"32428775";"32424655";"777";"1";"2015-04-20 12:22:42"
"32428799";"32424671";"777";"1";"2015-04-20 12:23:38"
"32430885";"32419068";"777";"1";"2015-04-20 16:44:40"
"32432371";"32432328";"777";"1";"2015-04-20 20:20:46"
"32438942";"32438818";"777";"1";"2015-04-21 04:05:16"
"32447559";"32445612";"777";"1";"2015-04-21 08:13:59"
"32448110";"32444955";"777";"1";"2015-04-21 08:41:05"
"32450747";"32451846";"777";"1";"2015-04-21 11:36:22"
"32456826";"32442584";"777";"1";"2015-04-21 14:38:29"
"32457369";"32454770";"777";"1";"2015-04-21 16:38:21"
"32457977";"32451366";"777";"1";"2015-04-21 18:59:57"
"32458038";"32439807";"777";"1";"2015-04-21 19:19:16"
"32462134";"32467785";"777";"1";"2015-04-26 12:01:40"
"32462612";"32464972";"777";"1";"2015-04-22 23:59:37"
"32466325";"32465275";"777";"1";"2015-04-22 08:48:53"
"32470796";"32470447";"777";"1";"2015-04-26 04:28:29"
"32471700";"32470381";"777";"1";"2015-04-26 04:58:30"
"32479342";"32477260";"777";"1";"2015-04-22 14:39:27"
"32479484";"32477434";"777";"1";"2015-04-22 13:48:05"
"32480786";"32472948";"777";"1";"2015-04-25 13:41:18"
"32485676";"32486160";"777";"1";"2015-04-23 03:44:06"
"32495703";"32492877";"777";"1";"2015-04-23 21:08:35"
"32498899";"32496205";"777";"1";"2015-04-23 18:08:56"
"32516676";"32518405";"777";"1";"2015-04-24 11:06:43"
"32516753";"32518411";"777";"1";"2015-04-24 11:03:50"
"32518100";"32518402";"777";"1";"2015-04-24 11:07:02"
"32522206";"32522948";"777";"1";"2015-04-25 00:26:21"
"32522309";"32522752";"777";"1";"2015-04-25 00:29:31"
"32524078";"32522680";"777";"1";"2015-04-25 00:30:38"
"32524234";"32518389";"777";"1";"2015-04-24 11:06:41"
"32528970";"32526180";"777";"1";"2015-04-24 23:27:54"
"32554676";"32559430";"777";"1";"2015-04-27 07:32:26"
"32556733";"32562519";"777";"1";"2015-04-27 08:07:36"
"32556769";"32560218";"777";"1";"2015-04-27 07:29:11"
"32559623";"32560038";"777";"1";"2015-04-27 07:26:19"
"32591086";"32589491";"777";"1";"2015-04-28 06:13:40"
"32597868";"32600801";"777";"1";"2015-04-28 20:04:01"
"32601449";"32600722";"777";"1";"2015-04-28 20:18:30"
"32607158";"32609321";"777";"1";"2015-04-29 05:37:26"
"32607384";"32610208";"777";"1";"2015-04-29 04:06:37"
"32617149";"32583245";"777";"1";"2015-04-28 21:13:38"
"32625892";"32624883";"777";"1";"2015-04-29 09:22:37"
"32628040";"32633482";"777";"1";"2015-04-29 08:22:07"
"32630030";"32637368";"777";"1";"2015-04-30 09:14:29"
"32632202";"32638385";"777";"1";"2015-05-01 09:51:36"
"32632450";"32638390";"777";"1";"2015-05-01 09:49:29"
"32632881";"32636314";"777";"1";"2015-04-30 09:54:24"
"32633145";"32636020";"777";"1";"2015-04-30 09:59:42"
"32639660";"32644928";"777";"1";"2015-04-30 05:10:47"
"32639994";"32640598";"777";"1";"2015-04-30 08:39:37"
"32640739";"32635971";"777";"1";"2015-04-30 10:01:05"
"32643153";"32643293";"777";"1";"2015-04-29 11:21:13"
"32662229";"32664044";"777";"1";"2015-04-30 05:53:50"
"32666578";"32664105";"777";"1";"2015-04-30 07:44:39"
"32666619";"32664106";"777";"1";"2015-04-30 07:45:40"
"32671189";"32673435";"777";"1";"2015-04-30 10:09:54"
"32677173";"32678069";"777";"1";"2015-04-30 12:29:21"
"32687449";"32687382";"777";"1";"2015-04-30 23:15:38"
"32687451";"32687352";"777";"1";"2015-04-30 23:16:00"
"32687869";"32687730";"777";"1";"2015-05-01 01:17:37"
"32704497";"32703247";"777";"1";"2015-05-05 02:41:17"
"32715087";"32704926";"777";"1";"2015-05-05 06:26:39"
"32716932";"32716182";"777";"1";"2015-05-05 07:15:03"
"32733821";"32726606";"777";"1";"2015-05-05 18:13:23"
"32733962";"32727162";"777";"1";"2015-05-05 20:12:18"
"32733965";"32702622";"777";"1";"2015-05-05 20:12:30"
"32736629";"32736700";"777";"1";"2015-05-06 01:19:27"
"32739679";"32740080";"777";"1";"2015-05-06 03:20:44"
"32743423";"32744390";"888";"1";"2015-05-09 12:31:02"
"32743709";"32743138";"777";"1";"2015-05-07 02:22:28"
"32743737";"32742329";"777";"1";"2015-05-06 05:16:28"
"32743760";"32742733";"777";"1";"2015-05-06 05:17:15"
"32749049";"32750993";"777";"1";"2015-05-06 07:57:24"
"32749268";"32748387";"888";"1";"2015-05-06 08:46:51"
"32753878";"32754021";"777";"1";"2015-05-06 09:14:47"
"32755809";"32756698";"777";"1";"2015-05-06 10:40:22"
"32757687";"32758508";"777";"1";"2015-05-06 11:36:54"
"32757711";"32756279";"777";"1";"2015-05-06 11:13:36"
"32757716";"32756944";"777";"1";"2015-05-06 11:13:45"
"32757795";"32755225";"777";"1";"2015-05-06 11:15:38"
"32767170";"32769261";"777";"1";"2015-05-07 04:00:03"
"32772284";"32773206";"777";"1";"2015-05-07 05:22:29"
"32779343";"32780447";"777";"1";"2015-05-07 08:33:22"
"32779494";"32781565";"777";"1";"2015-05-07 08:59:43"
"32785450";"32784566";"777";"1";"2015-05-07 10:31:41"
"32787180";"32787579";"777";"1";"2015-05-07 11:34:06"
"32794827";"32796697";"777";"1";"2015-05-08 02:57:39"
"32797425";"32798986";"777";"1";"2015-05-08 03:41:59"
"32803033";"32801329";"777";"1";"2015-05-08 05:20:23"
"32806144";"32806670";"777";"1";"2015-05-08 06:21:33"
"32818897";"32818339";"777";"1";"2015-05-09 16:11:44"
"32818919";"32790761";"777";"1";"2015-05-09 16:13:59"
"32839614";"32835829";"777";"1";"2015-05-12 05:22:05"
"32839690";"32835737";"777";"1";"2015-05-12 05:22:41"
"32846020";"32844861";"777";"1";"2015-05-12 07:16:51"
"32865239";"32863043";"777";"1";"2015-05-12 11:14:47"
"32890847";"32892018";"777";"1";"2015-05-13 05:29:25"
"32895884";"32898578";"777";"1";"2015-05-13 06:38:42"
"32895982";"32895050";"888";"1";"2015-05-13 06:47:30"
"32911375";"32908041";"777";"1";"2015-05-13 09:16:45"
"32911904";"32907721";"777";"1";"2015-05-13 09:17:56"
"32912262";"32906118";"777";"1";"2015-05-13 09:18:46"
"32913146";"32903944";"777";"1";"2015-05-13 09:22:10"
"32913571";"32903837";"777";"1";"2015-05-13 09:25:03"
"32929896";"32928541";"777";"1";"2015-05-13 13:11:22"
"32984951";"32988928";"777";"1";"2015-05-14 11:07:27"
"32984986";"32989000";"777";"1";"2015-05-14 11:07:40"
"32989274";"32988731";"888";"1";"2015-05-16 04:27:59"
"32995347";"32992185";"888";"1";"2015-05-14 14:46:05"
"32997615";"32996189";"888";"1";"2015-05-16 04:28:49"
"33014895";"33017757";"777";"1";"2015-05-15 03:50:55"
"33039539";"33041799";"777";"1";"2015-05-15 08:24:21"
"33039574";"33043009";"777";"1";"2015-05-15 08:41:38"
"33113927";"33118324";"777";"1";"2015-05-18 04:12:30"
"33123422";"33121584";"888";"1";"2015-05-18 05:49:55"
"33134566";"33132070";"777";"1";"2015-05-18 07:13:54"
"33140454";"33141783";"777";"1";"2015-05-18 08:24:01"
"33157974";"33160377";"777";"1";"2015-05-18 11:34:34"
"33197216";"33198442";"777";"1";"2015-05-19 05:23:26"
"33207119";"33207023";"777";"1";"2015-05-19 07:19:02"
"33289125";"33291240";"777";"1";"2015-05-20 09:27:00"
"33300746";"33300652";"777";"1";"2015-05-20 11:19:24"
"33312904";"33313874";"777";"1";"2015-05-21 00:38:24"
"33312906";"33313261";"777";"1";"2015-05-21 00:19:43"
"33357655";"33359503";"777";"1";"2015-05-21 09:21:36"
"33372547";"33371221";"777";"1";"2015-05-21 12:11:46"
"33379138";"33379736";"777";"1";"2015-05-21 15:34:09"
"33395483";"33393607";"777";"1";"2015-05-22 03:12:53"
"33425659";"33429989";"777";"1";"2015-05-22 08:37:40"
"33479256";"33479641";"777";"1";"2015-05-24 23:23:21"
"33495572";"33497113";"777";"1";"2015-05-25 04:24:39"
"33506847";"33508525";"888";"1";"2015-05-25 06:24:25"
"33507045";"33504146";"888";"1";"2015-05-25 06:49:45"
"33508524";"33508525";"777";"1";"2015-05-28 06:57:43"
"33512799";"33517682";"777";"1";"2015-05-25 07:47:10"
"33513072";"33511694";"777";"1";"2015-05-25 07:16:04"
"33518889";"33520451";"777";"1";"2015-05-25 08:23:35"
"33525152";"33526662";"777";"1";"2015-05-25 09:26:56"
"33525449";"33526711";"777";"1";"2015-05-25 09:27:21"
"33525463";"33522141";"777";"1";"2015-05-25 09:18:06"
"33531705";"33533612";"777";"1";"2015-05-25 10:24:13"
"33531952";"33531429";"777";"1";"2015-05-25 11:14:51"
"33537198";"33538879";"777";"1";"2015-05-25 11:23:43"
"33537517";"33536672";"777";"1";"2015-05-25 11:42:13"
"33551480";"33537387";"777";"1";"2015-05-25 19:12:19"
"33561088";"33560637";"888";"1";"2015-05-26 01:47:54"
"33570168";"33573737";"777";"1";"2015-05-26 03:41:40"
"33613678";"33612256";"777";"1";"2015-05-26 10:25:20"
"33642799";"33643350";"777";"1";"2015-05-27 00:23:17"
"33647138";"33650017";"777";"1";"2015-05-27 02:57:25"
"33650822";"33655649";"777";"1";"2015-05-27 04:27:34"
"33650881";"33655674";"777";"1";"2015-05-27 04:27:46"
"33651245";"33665422";"777";"1";"2015-05-27 06:32:54"
"33654769";"33655556";"777";"1";"2015-05-27 04:26:58"
"33654833";"33655622";"777";"1";"2015-05-27 04:27:22"
"33662764";"33669577";"777";"1";"2015-05-27 06:58:40"
"33662791";"33664494";"777";"1";"2015-05-27 06:26:52"
"33680637";"33682506";"777";"1";"2015-05-27 08:24:36"
"33696497";"33704036";"777";"1";"2015-05-27 11:08:33"
"33697931";"33695787";"777";"1";"2015-05-27 10:19:32"
"33706011";"33703685";"777";"1";"2015-05-27 11:32:58"
"33706154";"33711158";"777";"1";"2015-05-27 12:01:20"
"33706233";"33703831";"777";"1";"2015-05-27 11:28:42"
"33738216";"33744349";"777";"1";"2015-05-28 04:01:32"
"33792268";"33797049";"777";"1";"2015-05-28 10:52:40"
"33810569";"33809233";"777";"1";"2015-05-28 12:58:22"
"33810651";"33809321";"777";"1";"2015-05-28 12:50:08"
"33816242";"33815920";"777";"1";"2015-05-28 17:49:30"
"33827231";"33828573";"777";"1";"2015-05-29 00:34:22"
"33860624";"33870265";"777";"1";"2015-05-29 06:07:16"
"33861737";"33870111";"777";"1";"2015-05-29 06:06:34"
"33866792";"33848604";"777";"1";"2015-05-29 05:40:08"
"33893656";"33904189";"777";"1";"2015-05-29 08:58:33"
"33894034";"33890714";"777";"1";"2015-05-29 08:47:19"
"33956721";"33964157";"777";"1";"2015-05-29 13:35:39"
"33956754";"33964192";"777";"1";"2015-05-29 13:35:41"
"34088493";"34092118";"777";"1";"2015-06-01 11:23:36"
"34128321";"34129095";"777";"1";"2015-06-02 04:23:53"
"34174843";"34174832";"777";"1";"2015-06-02 14:57:29"
"34221806";"34223814";"777";"1";"2015-06-03 07:35:14"
"34227882";"34225080";"777";"1";"2015-06-03 08:25:38"
"34232580";"34230439";"777";"1";"2015-06-03 09:16:53"
"34236601";"34236399";"777";"1";"2015-06-03 10:30:37"
"34285979";"34287313";"777";"1";"2015-06-04 04:23:31"
"34308587";"34303099";"777";"1";"2015-06-04 08:18:32"
"34313622";"34310619";"777";"1";"2015-06-04 11:29:03"
"34327794";"34323393";"777";"1";"2015-06-04 11:38:47"
"34345698";"34345656";"777";"1";"2015-06-04 23:19:37"
"34349098";"34350911";"777";"1";"2015-06-05 01:34:22"
"34353559";"34350894";"777";"1";"2015-06-05 02:18:02"
"34420381";"34419924";"777";"1";"2015-06-05 13:20:14"
"34429784";"34429817";"777";"1";"2015-06-06 07:12:15"
"34429789";"34429819";"777";"1";"2015-06-06 07:12:15"
"34442021";"34442283";"777";"1";"2015-06-07 22:23:32"
"34442081";"34442145";"777";"1";"2015-06-07 22:19:14"
"34457611";"34458782";"777";"1";"2015-06-08 04:29:44"
"34463058";"34462190";"777";"1";"2015-06-08 05:49:15"
"34471804";"34472638";"777";"1";"2015-06-08 07:24:48"
"34482259";"34479339";"777";"1";"2015-06-08 09:15:58"
"34482394";"34480487";"777";"1";"2015-06-08 09:52:19"
"34500218";"34496766";"777";"1";"2015-06-08 12:17:48"
"34539627";"34538414";"777";"1";"2015-06-10 03:28:54"
"34592803";"34592646";"777";"1";"2015-06-10 03:29:30"
"34592907";"34591690";"777";"1";"2015-06-10 03:15:29"
"34603086";"34604958";"777";"1";"2015-06-10 05:36:39"
"34617946";"34620142";"777";"1";"2015-06-10 08:34:42"
"34625811";"34623310";"777";"1";"2015-06-10 09:22:22"
"34636341";"34638228";"777";"1";"2015-06-10 11:23:39"
"34662353";"34663867";"777";"1";"2015-06-11 03:22:02"
"34666886";"34666282";"777";"1";"2015-06-11 04:22:40"
"34672513";"34673642";"777";"1";"2015-06-11 05:23:46"
"34672853";"34672716";"777";"1";"2015-06-11 05:20:08"
"34696551";"34698448";"777";"1";"2015-06-17 10:13:11"
"34746630";"34746452";"888";"1";"2015-06-15 03:47:00"
"34754801";"34753826";"777";"1";"2015-06-15 06:14:19"
"34765214";"34761096";"777";"1";"2015-06-15 06:33:05"
"34792543";"34791133";"777";"1";"2015-06-15 12:12:29"
"34797886";"34789362";"777";"1";"2015-06-15 21:12:12"
"34801036";"34800957";"777";"1";"2015-06-16 00:41:30"
"34814714";"34814432";"777";"1";"2015-06-16 04:22:01"
"34815030";"34814210";"777";"1";"2015-06-16 04:24:50"
"34836686";"34836834";"777";"1";"2015-06-16 09:13:15"
"34836956";"34836886";"777";"1";"2015-06-16 10:17:39"
"34846527";"34845230";"777";"1";"2015-06-16 12:23:22"
"34846647";"34845254";"777";"1";"2015-06-16 12:23:20"
"34848986";"34847625";"777";"1";"2015-06-16 12:17:20"
"34851294";"34850965";"777";"1";"2015-06-16 13:19:26"
"34861488";"34860968";"777";"1";"2015-06-17 01:12:19"
"34868004";"34869978";"777";"1";"2015-06-17 03:34:28"
"34876926";"34876691";"777";"1";"2015-06-17 06:02:54"
"34885391";"34885152";"777";"1";"2015-06-17 07:32:42"
"34896162";"34893915";"777";"1";"2015-06-17 09:20:40"
"34896487";"34891196";"777";"1";"2015-06-17 09:22:42"
"34900085";"34902881";"777";"1";"2015-06-17 10:34:56"
"34905941";"34906287";"777";"1";"2015-06-17 11:23:57"
"34906324";"34906290";"777";"1";"2015-06-17 11:51:59"
"34906340";"34906299";"777";"1";"2015-06-17 11:51:08"
"34906445";"34902821";"777";"1";"2015-06-17 11:29:15"
"34943444";"34944646";"777";"1";"2015-06-18 08:23:46"
"34958384";"34958212";"777";"1";"2015-06-18 11:23:46"
"34958416";"34958249";"777";"1";"2015-06-18 11:23:20"
"34970567";"34970558";"777";"1";"2015-06-18 21:28:54"
"34987658";"34986696";"777";"1";"2015-06-19 04:49:17"
"34990006";"34993080";"777";"1";"2015-06-19 05:43:02"
"34991817";"34988971";"777";"1";"2015-06-19 05:25:52"
"35013259";"35012887";"777";"1";"2015-06-19 10:43:25"
"35050542";"35051040";"777";"1";"2015-06-22 04:23:48"
"35054930";"35054195";"777";"1";"2015-06-22 05:46:18"
"35071777";"35072016";"777";"1";"2015-06-22 09:12:28"
"35072055";"35072027";"777";"1";"2015-06-22 09:21:18"
"35080748";"35078329";"777";"1";"2015-06-22 13:21:08"
"35093341";"35093367";"777";"1";"2015-06-22 23:39:30"
"35127924";"35121488";"777";"1";"2015-06-23 10:20:34"
"35128141";"35122197";"777";"1";"2015-06-23 10:18:57"
"35133031";"35127341";"777";"1";"2015-06-23 12:38:01"
"35133094";"35127814";"777";"1";"2015-06-23 12:28:58"
"35147088";"35126492";"777";"1";"2015-06-24 01:13:15"
"35156638";"35076631";"777";"1";"2015-06-24 04:12:45"
"35156807";"35156743";"777";"1";"2015-06-24 04:30:52"
"35194321";"35194085";"777";"1";"2015-06-24 23:13:19"
"35195327";"35195104";"777";"1";"2015-06-25 01:08:17"
"35196345";"35195803";"777";"1";"2015-06-25 01:42:08"
"35220294";"35220112";"777";"1";"2015-06-25 10:31:06"
"35240760";"35239992";"777";"1";"2015-06-26 01:50:55"
"35266969";"35266305";"777";"1";"2015-06-26 09:37:10"
"35268650";"35265035";"777";"1";"2015-06-26 08:47:12"
"35277249";"35277399";"777";"1";"2015-06-26 11:12:18"
"35289192";"35289297";"777";"1";"2015-06-27 04:23:13"
"35312674";"35313295";"777";"1";"2015-06-29 04:23:43"
"35334415";"35335148";"777";"1";"2015-06-29 10:26:44"
"35334796";"35334220";"777";"1";"2015-06-29 12:57:13"
"35340551";"35339321";"777";"1";"2015-06-29 12:14:10"
"35360018";"35360522";"777";"1";"2015-06-30 01:23:25"
"35366474";"35367250";"777";"1";"2015-06-30 03:25:12"
"35370795";"35369705";"777";"1";"2015-06-30 05:21:39"
"35378386";"35377535";"777";"1";"2015-06-30 09:32:52"
"35382859";"35380820";"777";"1";"2015-07-02 01:00:35"
"35388696";"35390815";"777";"1";"2015-06-30 09:35:55"
"35402173";"35396841";"777";"1";"2015-07-01 15:37:10"
"35402484";"35395795";"777";"1";"2015-07-01 16:09:18"
"35419223";"35418760";"777";"1";"2015-07-01 11:18:13"
"35430940";"35429979";"777";"1";"2015-07-02 01:57:48"
"35453596";"35452845";"777";"1";"2015-07-02 02:17:36"
"35458262";"35458851";"777";"1";"2015-07-02 04:34:20"
"35465820";"35465806";"777";"1";"2015-07-02 07:41:43"
"35465980";"35464159";"777";"1";"2015-07-02 07:15:36"
"35475962";"35475570";"777";"1";"2015-07-02 10:43:54"
"35477933";"35477953";"777";"1";"2015-07-02 11:48:07"
"35494106";"35494801";"777";"1";"2015-07-03 02:23:45"
"35496913";"35495737";"777";"1";"2015-07-03 03:18:37"
"35499753";"35500257";"777";"1";"2015-07-03 04:23:52"
"35499950";"35498618";"888";"1";"2015-07-03 04:48:23"
"35513650";"35513412";"777";"1";"2015-07-03 09:15:50"
"35514269";"35511779";"777";"1";"2015-07-03 09:25:36"
"35533007";"35533059";"777";"1";"2015-07-05 15:23:11"
"35533008";"35533009";"777";"1";"2015-07-05 15:12:14"
"35537679";"35538096";"777";"1";"2015-07-06 02:22:01"
"35537950";"35537164";"777";"1";"2015-07-06 02:13:34"
"35544258";"35544236";"777";"1";"2015-07-06 05:23:19"
"35546437";"35546618";"777";"1";"2015-07-06 06:23:39"
"35581021";"35579246";"777";"1";"2015-07-07 06:13:15"
"35583637";"35582037";"777";"1";"2015-07-07 07:13:39"
"35593369";"35593108";"777";"1";"2015-07-07 10:30:42"
"35593599";"35591000";"777";"1";"2015-07-07 10:24:43"
"35599745";"35600171";"777";"1";"2015-07-11 00:10:28"
"35613621";"35613075";"777";"1";"2015-07-08 04:12:42"
"35616351";"35615600";"777";"1";"2015-07-08 05:17:47"
"35630697";"35630557";"777";"1";"2015-07-08 10:34:04"
"35642033";"35640223";"888";"1";"2015-07-09 03:46:49"
"35642720";"35642709";"888";"1";"2015-07-09 03:47:01"
"35652281";"35650968";"777";"1";"2015-07-09 07:38:19"
"35655811";"35655132";"777";"1";"2015-07-09 09:14:25"
"35660913";"35661034";"777";"1";"2015-07-09 12:19:45"
"35662132";"35662142";"777";"1";"2015-07-09 15:12:24"
"35669761";"35669848";"777";"1";"2015-07-10 01:12:26"
"35685900";"35687812";"777";"1";"2015-07-10 06:35:20"
"35686565";"35687851";"777";"1";"2015-07-10 06:35:39"
"35691267";"35693396";"777";"1";"2015-07-10 08:52:18"
"35697151";"35699219";"777";"1";"2015-07-10 10:46:10"
"35719261";"35718946";"777";"1";"2015-07-12 23:12:38"
"35723104";"35721977";"777";"1";"2015-07-13 02:14:29"
"35725443";"35726889";"777";"1";"2015-07-13 03:34:27"
"35731035";"35731967";"777";"1";"2015-07-13 05:23:57"
"35740926";"35739938";"777";"1";"2015-07-13 08:27:36"
"35750878";"35751080";"777";"1";"2015-07-13 11:23:03"
"35759522";"35759416";"777";"1";"2015-07-14 02:25:41"
"35770673";"35771706";"777";"1";"2015-07-14 06:34:48"
"35775754";"35775835";"777";"1";"2015-07-14 08:27:29"
"35790322";"35788108";"777";"1";"2015-07-14 19:11:50"
"35811983";"35811901";"777";"1";"2015-07-15 08:31:55"
"35849316";"35849481";"777";"1";"2015-07-16 10:33:04"
"35854310";"35853639";"777";"1";"2015-07-16 12:12:07"
"35873995";"35874711";"777";"1";"2015-07-17 06:21:30"
"35876540";"35877197";"777";"1";"2015-07-17 07:23:41"
"35879494";"35880170";"777";"1";"2015-07-17 08:21:45"
"35879556";"35880193";"777";"1";"2015-07-17 08:21:46"
"35895866";"35895900";"777";"1";"2015-07-19 21:12:33"
"35949600";"35948988";"777";"1";"2015-07-21 06:26:18"
"35962863";"35960918";"777";"1";"2015-07-21 10:16:43"
"35965284";"35963129";"777";"1";"2015-07-21 11:15:55"
"35980519";"35981876";"777";"1";"2015-07-22 05:35:02"
"35986176";"35986049";"777";"1";"2015-07-22 07:18:42"
"35994152";"35995930";"777";"1";"2015-07-22 09:35:35"
"35998357";"35996820";"777";"1";"2015-07-22 10:30:38"
"36000499";"36001434";"777";"1";"2015-07-22 11:34:58"
"36014531";"36012556";"777";"1";"2015-07-23 05:16:41"
"36022400";"36023208";"777";"1";"2015-07-23 08:35:26"
"36022892";"36020494";"777";"1";"2015-07-23 08:27:27"
"36025281";"36025288";"777";"1";"2015-07-23 09:32:49"
"36050817";"36049747";"777";"1";"2015-07-24 06:13:48"
"36052965";"36052926";"777";"1";"2015-07-24 07:35:10"
"36062453";"36062764";"777";"1";"2015-07-24 10:24:20"
"36062479";"36062167";"777";"1";"2015-07-24 10:36:59"
"36095877";"36095459";"777";"1";"2015-07-27 09:15:22"
"36105891";"36106086";"777";"1";"2015-07-27 13:19:51"
"36123399";"36122590";"777";"1";"2015-07-28 06:21:18"
"36203383";"36204206";"777";"1";"2015-07-30 10:21:56"
"36219057";"36220586";"777";"1";"2015-07-31 03:36:09"
"36240375";"36241529";"777";"1";"2015-07-31 09:35:46"
"36244126";"36246019";"777";"1";"2015-07-31 10:35:16"
"36247946";"36247703";"777";"1";"2015-07-31 11:29:12"
"36308593";"36309176";"777";"1";"2015-08-04 08:24:32"
